Acetylation,Methylation,Phosphorylation,Succinylation,Ubiquitination,O-linked Glycosylation,N-linked Glycosylation,Other
1.1759278e-06,6.437574e-07,0.00017095833,1.2734793e-07,4.919543e-06,1.4621583e-06,8.0927975e-08,6.2641826e-05
8.636205e-07,3.0676873e-07,0.00043051195,5.7932784e-08,2.5048294e-06,1.286731e-07,1.9543116e-08,9.308159e-06
4.034541e-07,8.3673385e-08,9.780581e-06,2.3432289e-08,2.4742596e-06,1.4771513e-08,1.7451402e-08,3.0845279e-06
1.6326382e-07,3.7709302e-08,2.327239e-05,4.07151e-09,8.419069e-07,8.037032e-09,8.354099e-09,7.7678317e-07
2.3740814e-07,6.1646546e-08,1.8016219e-05,7.8654985e-09,1.3165533e-06,2.4210257e-08,8.756658e-09,2.556982e-06
4.555817e-07,7.0322976e-08,1.5715337e-05,2.0763657e-08,1.8613542e-06,3.1146644e-08,6.2752887e-09,2.2401979e-05
2.143287e-07,8.7625594e-08,9.22859e-06,1.19212915e-08,1.6599814e-06,2.140929e-08,4.5830877e-08,4.2718443e-06
1.0135373e-05,4.3627756e-06,8.0224745e-05,1.4354771e-06,6.123232e-05,9.047998e-07,3.577495e-05,1.5845962e-05
2.5656996e-07,1.0688526e-07,1.4796795e-05,1.6219776e-08,3.1396853e-06,2.2017595e-08,3.3794922e-08,3.6365889e-06
2.1926396e-06,1.0160807e-06,0.6322797,2.1810037e-07,9.496814e-06,0.00012499008,1.4560577e-07,9.253611e-06
7.708963e-07,4.7042553e-07,0.4508673,1.3385578e-07,3.9756173e-06,0.00013585122,1.1249996e-07,6.067192e-06
2.156248e-07,1.631832e-07,1.4659989e-05,1.7382703e-08,4.215603e-06,1.2059124e-08,2.2255982e-08,3.5860353e-06
1.441256e-06,5.4815087e-07,0.58097345,1.3369605e-07,4.462195e-06,0.00010932579,1.8150195e-07,8.362819e-06
1.6622674e-07,4.7384294e-08,1.1404603e-05,9.199383e-09,1.0814008e-06,1.556144e-08,1.438221e-08,3.779157e-06
3.2092078e-07,1.5872165e-07,2.4871746e-05,2.2466203e-08,4.26752e-06,3.500963e-08,3.1403566e-08,3.964603e-06
2.30171e-08,3.628931e-08,4.6738667e-05,2.3385398e-09,7.759007e-07,1.8629756e-08,1.34908795e-08,1.3010512e-06
5.8328993e-07,3.3786776e-07,1.6318974e-05,4.841545e-08,4.7599847e-06,2.1015348e-08,4.4266535e-08,4.091081e-06
4.798768e-06,1.095169e-06,0.0001660608,3.7315755e-07,2.6399297e-05,4.970797e-07,1.2635007e-06,1.4677769e-05
4.268501e-06,9.1222755e-06,2.3444562e-05,2.6149638e-07,1.4378306e-05,4.7906653e-08,2.220862e-07,5.9124263e-06
1.6591852e-07,8.103069e-08,2.7483302e-05,1.8607524e-08,1.6859229e-06,3.803697e-08,3.842131e-08,2.788857e-06
4.4551948e-07,2.0659432e-07,2.380637e-05,3.538092e-08,4.740889e-06,3.4854654e-08,3.9496555e-08,9.306019e-06
4.255547e-06,9.856726e-06,2.3088338e-05,4.4063316e-07,1.8787474e-05,5.847208e-08,3.7402722e-07,8.370677e-06
0.00092818716,1.3162421e-05,9.7121425e-05,2.2617607e-05,0.025113424,3.328455e-06,5.218868e-07,0.00020929279
5.1669923e-07,1.3952103e-07,5.406695e-05,3.3665994e-08,3.905655e-06,6.230235e-08,5.8041728e-08,5.4849834e-06
6.763417e-07,3.1705613e-07,0.000112044625,5.1893974e-08,3.5586343e-06,1.04591436e-07,1.03633504e-07,8.416681e-06
1.3642756e-06,1.7319135e-07,1.2739906e-05,2.4580663e-07,0.00019444179,3.9708954e-08,6.840382e-08,3.1956401e-06
2.697928e-06,6.169828e-06,2.6502696e-05,2.0359575e-07,7.947848e-06,5.1600832e-08,2.8252208e-07,4.928352e-06
2.7740583e-07,4.6901622e-08,6.654788e-05,1.8618778e-08,7.147803e-07,1.11657066e-07,7.0951764e-08,5.193292e-06
0.0063465764,2.0762962e-05,0.0003240606,0.00011196739,0.04455709,1.1166393e-05,1.1393854e-06,0.000248953
4.403913e-06,1.5270199e-06,0.00017299596,4.7651577e-07,2.3869681e-05,4.6282358e-07,8.044917e-07,8.933142e-06
1.400659e-07,4.1429626e-08,2.4519173e-05,6.6884e-09,1.1156101e-06,1.8040845e-08,1.4747923e-08,9.793421e-07
5.951631e-07,1.695871e-07,3.3658172e-05,4.725613e-08,3.4460727e-06,3.742134e-08,6.047069e-08,2.0226437e-06
2.4961608e-07,8.9256254e-08,2.052154e-05,1.9525567e-08,7.2450223e-07,2.7078437e-08,4.5983406e-08,5.773946e-06
2.683893e-07,6.557661e-08,2.2687125e-05,1.857118e-08,1.6373035e-06,3.330749e-08,4.6285052e-08,2.996658e-06
0.01500156,2.8650553e-05,0.00015279412,0.00017545023,0.029293697,6.124629e-06,1.3118485e-06,0.00026931628
8.703135e-07,2.4128437e-07,1.10133815e-05,6.53632e-08,4.5364122e-06,3.8043066e-08,9.133648e-08,7.968689e-06
6.810459e-07,1.9775582e-07,2.4214718e-05,6.204632e-08,3.0638912e-06,4.539761e-08,3.9666112e-08,3.0635201e-06
0.018112412,5.379633e-06,0.000302616,2.4920631e-05,0.0056789857,3.5549638e-06,3.0916146e-07,6.9919224e-05
3.3856895e-07,6.466876e-08,1.880669e-05,1.7542341e-08,1.7848157e-06,2.6632401e-08,3.4127474e-08,1.9952965e-06
5.409913e-07,1.4452833e-07,5.3521835e-06,3.510933e-08,3.0374397e-06,1.2620824e-08,6.710611e-08,3.2345458e-06
1.1060778e-06,2.2913555e-07,2.9619112e-05,6.345619e-08,6.4395044e-06,3.995702e-08,4.067871e-08,3.6902372e-06
7.590824e-06,8.410768e-06,1.347043e-05,5.249397e-07,1.1455279e-05,5.8172503e-08,3.0219394e-07,5.8490646e-06
3.5604597e-07,4.4125002e-08,7.0956535e-06,1.1716385e-08,1.7358736e-06,2.1086496e-08,3.8510446e-08,1.5555703e-06
4.2788355e-07,5.7829112e-08,7.677665e-06,2.3702261e-08,3.4187663e-06,3.3207833e-08,2.7350222e-08,3.6033678e-06
0.0058167297,7.5512285e-06,3.220468e-05,3.7298796e-05,0.02719554,2.0186067e-06,2.8167278e-07,0.00014686603
8.520268e-07,8.56954e-08,6.205056e-06,2.6020027e-08,1.816607e-06,2.8795778e-08,7.4988755e-08,3.6682407e-06
2.3016798e-07,3.4122273e-08,2.9297012e-06,7.778016e-09,6.9460214e-07,8.732424e-09,1.0236906e-08,3.5318467e-06
6.6361173e-07,1.2125508e-07,0.1846723,4.9142066e-08,1.6262827e-06,5.49111e-05,1.1965057e-07,3.64026e-06
2.0944884e-07,2.0934491e-08,4.972954e-06,5.9173715e-09,8.07521e-07,2.7382164e-08,1.5925334e-08,1.7696042e-06
5.3477066e-07,1.4562882e-07,4.6595193e-05,1.0758185e-08,9.749809e-07,4.7439056e-07,7.709821e-09,0.00015623198
5.4321544e-07,1.7067319e-07,0.10032056,3.523633e-08,1.9581603e-06,2.1001655e-05,3.5343123e-07,1.1479877e-06
2.1181773e-07,1.0273057e-07,4.789222e-07,1.5901596e-08,7.8087794e-07,4.2626995e-09,1.3960369e-07,9.834274e-07
2.2139059e-06,1.567415e-06,2.3022421e-05,1.3498129e-07,9.052651e-06,1.6070032e-07,4.5170708e-07,8.432902e-06
1.0039596e-06,3.050987e-07,0.06478564,6.288172e-08,4.4853114e-06,1.2042575e-05,3.732547e-07,1.4591312e-06
1.5431071e-06,2.746699e-07,6.244717e-06,4.542463e-08,4.2923407e-06,2.0082151e-08,4.91008e-07,2.0841683e-06
5.316926e-07,2.0692302e-07,6.038688e-06,4.5718508e-08,3.1351108e-06,2.8629893e-08,3.853676e-07,2.354493e-06
1.9145791e-06,2.6995494e-07,5.7979596e-06,1.1699362e-07,2.2700564e-05,2.2313362e-08,4.0560604e-07,1.3407516e-06
4.803186e-07,3.305643e-07,8.269825e-05,5.2732602e-08,2.8564577e-06,7.199407e-08,4.839196e-07,6.206701e-06
7.098823e-07,8.763361e-08,2.4181994e-05,3.5899244e-08,4.797372e-06,4.0097422e-08,3.5213498e-07,1.4045169e-06
6.848489e-07,2.7871846e-07,2.7046233e-06,1.4681565e-07,7.645801e-06,3.4441424e-08,1.2833269e-06,3.592751e-06
5.4298334e-07,1.0242613e-07,2.8147668e-05,4.6159236e-08,4.4141816e-06,5.11613e-08,4.2454278e-07,4.0179907e-06
0.0014883236,6.192777e-06,1.0500602e-05,1.1459366e-05,0.0019471546,5.7041143e-07,8.6403566e-07,0.00015736483
3.841497e-07,5.903001e-08,7.823898e-06,2.8261447e-08,1.8805764e-06,2.4213952e-08,1.4143275e-07,2.7971728e-06
1.642264e-06,1.2818441e-07,3.954389e-06,4.7306088e-08,3.8480057e-06,2.4986303e-08,4.71107e-07,1.1034417e-06
7.282958e-07,1.7257621e-07,7.2511516e-06,7.7863305e-08,3.954008e-06,4.453746e-08,4.6190422e-07,2.9614068e-06
3.7019396e-07,8.3601755e-08,3.2500095e-06,1.2586207e-08,1.2566355e-06,2.1115191e-08,7.020973e-08,7.3761544e-07
4.994409e-07,3.6619662e-07,0.00013359403,4.8088918e-08,2.9523746e-06,3.5361361e-07,2.6350108e-07,1.075831e-05
6.983323e-07,7.8936964e-08,7.4591135e-06,2.6326239e-08,1.7172281e-06,3.4076223e-08,1.2606357e-07,1.0067948e-06
1.7457617e-07,1.7615537e-08,3.9970746e-07,4.9270064e-09,2.350791e-06,2.108548e-09,9.276664e-09,9.468359e-07
1.3691176e-06,7.4336515e-07,5.55788e-05,9.1870255e-08,6.587662e-06,4.2580666e-07,4.1481817e-07,2.1411415e-05
3.1297782e-06,7.9281426e-07,8.545986e-05,1.6050933e-07,1.191986e-05,6.906205e-07,6.815585e-07,0.0001102586
1.3162403e-07,5.1884175e-08,9.462578e-06,1.504778e-08,6.186457e-07,2.367592e-08,6.114243e-08,1.3175154e-06
4.0513783e-07,3.51098e-08,1.0164344e-05,1.3050917e-08,4.4725393e-06,1.9302687e-08,1.836848e-08,6.996262e-07
1.0788277e-06,1.835362e-07,6.4680257e-06,4.3242668e-08,8.0782675e-06,4.1820243e-08,1.0637092e-07,2.3445714e-06
5.6165214e-07,1.1263823e-07,9.943965e-07,2.6214904e-08,2.7446617e-06,7.1450947e-09,6.577027e-08,1.8337031e-06
0.0007815843,1.4537504e-06,6.8373433e-06,6.031844e-06,0.0028290583,4.3367024e-07,8.162649e-07,7.76805e-05
7.8181085e-07,9.931227e-07,4.5469587e-06,7.729319e-08,4.347558e-06,1.3170598e-08,1.2950359e-07,1.5857383e-06
1.914778e-06,6.3029717e-07,6.3868414e-05,1.7634352e-07,1.2903372e-05,5.941202e-07,1.0698902e-06,1.0344079e-05
3.6832574e-07,1.244792e-07,7.0019814e-06,2.7549802e-08,2.1133621e-06,1.5137912e-08,4.7299412e-08,2.04077e-06
7.089642e-07,8.63601e-08,3.2325202e-06,4.3074248e-08,2.2582278e-06,1.7674635e-08,2.2887914e-07,4.227161e-06
5.8045043e-07,1.2178505e-07,5.860472e-06,3.1363403e-08,4.423634e-06,2.3131921e-08,1.659459e-07,1.6518266e-06
3.6234647e-07,6.363375e-08,2.483877e-06,1.9110217e-08,7.5044e-06,7.949233e-09,3.2170668e-08,2.3109137e-06
1.2028088e-06,3.718187e-07,0.16614398,1.4025986e-07,3.932689e-06,0.00035238988,4.801322e-07,2.5996621e-06
2.712949e-07,8.486292e-08,5.3747463e-06,1.4532964e-08,3.120158e-06,1.3471465e-08,6.3548725e-08,8.436196e-07
4.3987154e-07,1.894934e-07,0.30504462,3.1684117e-08,1.7441773e-06,0.0001086112,2.3830395e-07,1.1971841e-06
8.7841846e-07,4.4902959e-07,0.0003783476,5.170044e-08,4.356705e-06,1.4894505e-06,2.7866744e-07,0.00011210436
1.4347499e-07,2.4017176e-08,1.2053373e-06,4.2335064e-09,1.0224175e-06,3.709592e-09,8.8324095e-09,9.947531e-07
2.314325e-07,5.111984e-08,2.8345476e-06,9.191455e-09,2.0036582e-06,1.04646265e-08,6.259094e-08,1.8037529e-06
1.4765294e-07,5.351033e-08,8.092933e-06,9.300636e-09,1.5036612e-06,1.8097296e-08,2.7371721e-08,8.609365e-07
1.8202229e-07,4.728372e-08,4.9547375e-06,1.11974146e-08,2.0716304e-06,1.665507e-08,5.3725707e-08,9.699672e-07
0.0016617544,6.468081e-06,6.9305906e-06,1.2541855e-05,0.008153981,8.069945e-07,3.6715687e-07,7.7230165e-05
1.6551695e-07,2.7798679e-08,2.4787516e-06,5.794723e-09,1.0602228e-06,9.4402175e-09,4.257096e-08,1.0688541e-06
3.4826522e-07,2.174822e-08,4.313824e-06,7.284755e-09,1.4852731e-06,8.672866e-09,1.5868421e-08,4.1832095e-07
2.985602e-07,6.356073e-08,2.3181907e-05,1.2939724e-08,2.5653233e-06,3.063056e-08,9.996664e-08,7.402799e-07
9.992191e-07,1.8847655e-07,0.48930135,6.062775e-08,2.1819972e-06,0.0003497259,1.3471919e-07,9.979325e-07
2.033685e-07,3.4497504e-08,9.246448e-06,9.018182e-09,1.9809684e-06,1.499881e-08,1.8988175e-08,9.598039e-07
2.7707532e-07,2.2752412e-08,1.9217303e-05,5.666203e-09,1.1609429e-06,2.6958261e-08,2.047593e-08,9.627696e-07
5.513816e-07,4.04527e-08,1.3829547e-05,1.1047599e-08,1.4680784e-06,3.166176e-08,2.1518105e-08,5.9023535e-07
1.8503968e-06,7.2567e-06,5.5733777e-05,1.9286117e-07,4.752881e-06,8.415675e-08,3.7535975e-07,1.4761804e-06
2.841105e-06,1.6432962e-07,0.9871242,9.845961e-08,1.0306327e-05,0.00027913452,1.444024e-07,1.3495506e-06
0.0040904214,4.461944e-06,1.06766565e-05,3.4374865e-05,0.45610955,1.576408e-06,5.8495107e-07,0.00034069506
6.019668e-07,1.3684227e-07,3.8912887e-05,3.4035107e-08,4.571536e-05,7.5804124e-08,3.9806525e-07,1.5290193e-06
0.003583606,4.610751e-06,6.1647836e-05,1.4867619e-05,0.24797745,5.3964513e-06,5.978955e-07,0.00016917991
5.742896e-07,1.6422403e-07,4.9608174e-05,5.802679e-08,0.00010438728,1.924606e-07,1.7511626e-07,2.7673834e-06
0.001902496,3.187234e-06,1.4560825e-05,1.2700468e-05,0.15452586,1.0308826e-06,4.470265e-07,8.700029e-05
1.8587132e-06,1.6675038e-07,3.023991e-06,8.597552e-08,0.00030448727,2.559323e-08,2.1886173e-07,4.1093376e-06
3.0421748e-07,7.4615514e-08,1.6405029e-05,3.8478582e-08,7.964034e-05,5.0837674e-08,8.501975e-08,3.961266e-06
5.018902e-06,6.0636125e-07,0.13964185,3.2899868e-07,0.00026548913,0.00026544585,1.7793533e-06,7.75565e-06
1.1790261e-06,1.9681981e-07,0.18429828,6.970735e-08,2.690603e-05,3.416792e-05,3.5001125e-07,2.0886908e-05
2.2910592e-06,1.9634116e-07,2.9280916e-05,7.660382e-08,0.00044596283,4.6277012e-08,1.980612e-07,5.1071056e-06
2.5216334e-06,4.4854423e-07,0.27128395,1.4651046e-07,7.6615615e-05,8.40474e-05,7.223938e-07,1.1734313e-05
1.4720233e-06,1.624788e-07,3.1863617e-06,8.625688e-08,0.0005665549,4.535563e-08,1.0554434e-07,1.0182264e-05
1.9281679e-06,2.2261548e-07,0.19825329,8.6631324e-08,9.2881615e-05,3.9026676e-05,2.1685824e-07,3.2297378e-06
9.939442e-07,3.1644686e-07,0.00016050831,3.7900385e-08,0.00011250595,4.537952e-07,1.2177333e-07,4.4917274e-06
2.000313e-06,9.259138e-07,8.536075e-05,7.87616e-08,9.730228e-05,3.661711e-07,2.3820577e-07,2.0240283e-05
7.8450114e-07,2.1791307e-07,1.3830181e-05,7.624495e-08,8.496524e-05,7.81074e-08,5.341183e-07,8.277671e-06
1.00719944e-07,1.9114889e-07,1.1543162e-05,1.14979235e-08,6.5596205e-06,4.439675e-08,1.3306044e-07,2.602944e-06
2.0558286e-06,2.4325802e-06,0.00022799635,1.02689036e-07,0.00022771847,1.0085746e-06,3.3265434e-07,1.1862106e-05
1.5689778e-06,2.9781003e-07,5.7283464e-06,6.717091e-08,0.00025596176,2.3964235e-08,1.5262512e-07,5.7962075e-06
2.50327e-06,7.159066e-07,0.12822062,1.1480463e-07,0.0001530182,3.189385e-05,8.2566385e-07,8.372179e-06
1.509056e-05,8.692351e-07,4.106661e-05,5.4361965e-07,0.028050667,2.7638126e-07,1.231149e-07,5.973785e-06
6.2861905e-06,4.965415e-07,8.244819e-06,4.051093e-07,0.026452035,6.1339364e-08,2.6196312e-07,5.872708e-06
1.1576019e-06,4.434137e-07,0.20494346,5.6287302e-08,1.8800702e-05,9.816614e-06,1.7984198e-07,7.9463134e-05
2.1051774e-06,1.5078858e-07,8.7707685e-06,4.3815202e-08,0.00011961136,3.4135617e-08,1.7421111e-07,6.826547e-06
1.0773403e-05,8.191628e-07,1.2751198e-05,1.0023676e-06,0.052993987,1.1440951e-07,3.2789484e-07,1.3881095e-05
3.3246343e-07,1.2949852e-07,1.4069906e-05,3.871275e-08,0.000118542885,2.1819476e-08,9.19337e-08,3.2711355e-06
6.339624e-07,4.9518945e-07,1.1131297e-05,5.8180166e-08,8.737751e-05,4.0353836e-08,1.6830107e-07,3.6162342e-05
2.66369e-06,1.8156824e-07,2.407812e-05,8.278789e-08,0.00014355824,8.222154e-08,2.199999e-07,2.1508195e-05
3.951407e-06,4.453602e-07,9.8485425e-06,1.2082982e-07,0.00014989742,9.8794644e-08,1.1948129e-06,7.3226242e-06
1.2744079e-06,7.600985e-07,2.0673931e-05,4.6386955e-07,0.0002048541,2.355795e-07,2.3076104e-06,0.00046299797
0.0025864362,6.691925e-06,1.0547723e-05,5.946196e-06,0.44676435,8.879123e-07,1.7961266e-07,6.463312e-05
4.9710576e-07,4.4879582e-07,0.00033221097,4.1173763e-08,5.930489e-05,6.477479e-07,4.3339782e-07,1.2273441e-05
7.398254e-07,1.0158525e-07,2.1226466e-05,5.232144e-08,0.00012355753,1.814495e-07,3.7351182e-07,3.7531e-06
8.700753e-07,1.2922317e-07,0.1903115,3.97204e-08,3.271203e-05,9.777412e-05,9.757905e-08,2.5235413e-06
1.5640686e-06,1.4227244e-06,0.00019935373,1.3593466e-07,0.0003829273,1.4197304e-06,6.7490674e-07,2.759326e-05
2.0268868e-07,1.7890694e-07,6.326086e-05,2.9799239e-08,8.8474524e-05,1.27406e-07,2.7350018e-07,3.3303731e-06
1.02295324e-07,2.8825292e-07,3.728297e-05,3.7531276e-08,1.4152898e-05,2.5473312e-07,3.137831e-07,0.00021055374
2.7606538e-06,3.3672936e-07,5.8692767e-05,1.3732075e-07,0.00030785985,1.7762898e-07,2.7093682e-07,1.0268683e-05
1.8545595e-07,5.5937235e-08,3.9768456e-05,4.8071107e-09,4.5483666e-05,4.3392298e-08,1.820403e-08,6.995841e-07
7.349584e-07,1.6195885e-07,3.3928632e-06,2.3930708e-08,4.514333e-05,2.669684e-08,5.5344838e-08,5.244276e-06
0.0025412561,4.068821e-06,4.0272113e-05,7.881276e-06,0.75776523,2.5815307e-06,4.683788e-07,0.00027874333
1.4746945e-06,8.711183e-08,9.21191e-06,5.670076e-08,7.948776e-05,6.531248e-08,1.02109354e-07,3.6135556e-05
1.6110312e-06,9.584913e-07,0.00031608864,1.3552045e-07,0.0004262111,1.4007768e-06,9.645709e-07,1.9203308e-05
2.6639594e-07,7.152065e-08,0.00012127109,1.1207095e-08,7.444873e-05,9.900006e-08,2.8924584e-08,1.2009428e-06
7.734774e-07,1.1515004e-07,3.2270284e-05,4.1449464e-08,0.00023460196,1.03559195e-07,1.01297346e-07,1.2298596e-05
1.1469558e-06,7.7994906e-07,8.4469706e-05,2.0308167e-07,0.00023875038,6.8426976e-07,7.578315e-07,1.1225941e-05
9.993977e-08,2.230902e-08,1.5698633e-05,3.6710626e-09,3.974404e-05,2.7800219e-08,1.18938335e-08,1.373297e-06
1.0407579e-06,1.1631444e-07,9.544572e-06,3.3600625e-08,0.00024920687,1.966138e-07,4.3859934e-08,1.9513376e-05
1.499547e-06,2.3198292e-07,0.4458949,6.726232e-08,6.39007e-05,0.00010528148,1.9567048e-07,1.6885925e-06
0.0013547905,1.4893816e-05,0.0002828368,3.101749e-06,0.9903914,6.1197657e-06,1.333872e-07,0.0001335338
3.0733465e-06,1.2335576e-06,0.0002610753,2.2426178e-07,0.0004283254,5.1751376e-06,4.275723e-07,0.0017362084
3.3282126e-07,4.7311865e-08,2.3755545e-06,1.1304604e-08,2.553401e-05,1.00978435e-08,6.4819666e-08,1.611978e-06
2.558848e-06,7.12103e-07,5.8445316e-06,3.385777e-07,0.00027929773,2.5736716e-07,6.596259e-07,0.00075854536
3.8739978e-07,1.3173077e-07,1.4646559e-05,4.8402523e-08,1.5309017e-05,9.695625e-08,7.75502e-07,4.134417e-06
2.0792832e-07,1.00623936e-07,4.7929593e-06,1.5597186e-08,1.7819424e-05,1.7804258e-08,1.420108e-07,2.5352476e-06
1.2923034e-06,1.3890592e-07,0.11727654,6.633594e-08,1.3092464e-05,6.573526e-05,2.390893e-07,3.6827207e-06
5.6862615e-07,9.593019e-08,1.7479906e-05,8.321374e-08,3.2301905e-05,1.0689056e-07,3.423062e-07,2.1871281e-05
0.0021641839,5.416699e-06,1.06892485e-05,2.910353e-05,0.7089851,9.772197e-07,4.213872e-07,0.0003592188
1.6594654e-06,7.3221286e-06,6.3867537e-06,3.5740237e-07,0.000106702115,6.2207e-08,9.407281e-07,2.105303e-05
6.666444e-07,5.4496983e-08,9.75743e-06,3.7183916e-08,0.000116424046,6.683225e-08,8.5175735e-08,4.5729075e-06
7.943264e-06,1.1533149e-05,1.095234e-05,6.7148096e-07,0.0002816415,1.0198226e-07,1.027608e-06,1.6625272e-05
6.874867e-07,1.3225267e-07,6.984988e-06,1.1144536e-07,0.00023540233,6.004074e-08,2.7340735e-07,3.7916768e-06
5.687921e-07,1.1894019e-07,0.16943134,4.6138734e-08,7.5238345e-06,4.5347762e-05,2.394971e-07,1.3805145e-05
5.63894e-06,3.0534147e-07,6.121172e-06,6.709119e-07,0.030433832,8.347525e-08,1.5449271e-07,1.0144715e-05
0.0065358393,1.3769262e-05,4.5624615e-06,5.746344e-05,0.7893477,1.4077259e-06,3.3608546e-07,0.000870073
1.4568162e-06,1.1459592e-07,9.941699e-06,5.8359877e-08,0.00018023222,2.801505e-08,1.1639755e-07,4.600241e-06
1.1561642e-06,2.318423e-07,7.40567e-06,1.6316858e-07,8.078324e-05,9.7364875e-08,2.7553645e-07,3.3981916e-05
4.5867915e-07,7.563342e-08,6.3062394e-06,2.4079375e-08,0.00012540696,2.6979249e-08,9.373889e-08,1.9366673e-06
7.096873e-07,1.2660249e-07,1.511699e-05,2.9739335e-08,5.5121487e-05,4.211481e-08,6.944592e-08,4.389142e-06
3.851791e-07,1.546522e-07,2.580834e-06,6.385125e-08,2.8912567e-05,5.8096326e-08,3.9899072e-07,2.4058747e-05
6.4760155e-07,2.2012058e-07,7.5036196e-06,1.2358473e-07,0.00011947878,5.8716942e-08,1.6135543e-07,1.9455365e-05
0.0057014613,4.430486e-06,1.5811146e-06,2.5963891e-05,0.37717196,3.2125791e-07,2.6182576e-07,0.00030808008
2.6452308e-06,3.3836594e-07,2.1650209e-05,6.637415e-07,0.012250827,2.6865516e-07,1.888506e-07,1.0428589e-05
1.7168254e-07,2.0898632e-07,1.566261e-05,4.2305214e-08,2.5494737e-05,8.420011e-08,2.4278145e-07,9.961212e-06
4.340075e-07,4.0349672e-08,1.212223e-05,3.3197573e-08,7.4081894e-05,4.5555563e-08,6.636542e-08,4.1209855e-06
1.7014954e-06,1.872761e-07,0.119437315,1.4277697e-07,3.4592664e-05,0.00012539011,4.872311e-07,6.01996e-06
4.544661e-07,7.392099e-08,8.985938e-06,4.2590614e-08,0.00017795015,4.534612e-08,1.2962158e-07,2.9748212e-06
3.861902e-06,4.696303e-06,1.1955277e-05,2.5868067e-07,0.00016053708,4.908436e-08,5.0591393e-07,1.2157356e-05
5.4700985e-07,5.3149027e-08,4.980721e-05,1.5303534e-08,1.6718695e-05,8.092628e-08,1.08160656e-07,7.1091135e-06
1.929496e-06,1.0396314e-07,6.0696704e-05,2.6065129e-08,0.00031829314,6.127143e-08,4.9936233e-08,7.4157483e-06
0.019903857,7.271192e-06,4.3927565e-05,7.324681e-05,0.88274044,2.9588632e-06,7.739888e-07,0.00049434963
5.021521e-06,3.4007468e-07,8.620354e-05,3.6115313e-07,0.00027569753,8.345015e-07,1.6158133e-06,6.53922e-05
9.31863e-06,3.1286484e-07,5.684945e-06,5.2638245e-07,0.022502037,5.8804808e-08,1.06679344e-07,5.7452794e-06
4.8627624e-07,5.6516882e-08,1.1281867e-05,2.6411893e-08,0.00010499005,1.5623865e-08,6.477246e-08,2.9025944e-06
4.1418772e-07,2.5797059e-08,1.9005731e-06,1.0880597e-08,4.9205286e-05,6.6403385e-09,1.696883e-08,8.137488e-06
3.2686905e-06,1.1613914e-06,2.3957185e-05,4.5536106e-07,0.00045347502,2.8938578e-07,7.836203e-07,0.0005268317
3.8844337e-06,8.367505e-07,0.00030206516,3.8081254e-07,0.00049486593,7.152897e-07,1.172396e-06,1.4669667e-05
1.8446336e-06,3.0695892e-07,0.00011597484,6.8816824e-08,0.00014434778,2.807237e-07,3.0079454e-07,5.7038706e-06
2.759288e-06,9.0581517e-07,2.6545747e-05,4.5228944e-07,0.0010457973,2.845737e-07,1.7900197e-06,4.8208818e-05
1.6471937e-06,2.209627e-07,7.728498e-05,5.596294e-08,0.00035482142,1.4952954e-07,1.7216836e-07,1.3135185e-05
3.3037595e-06,3.1307883e-07,5.3033997e-05,2.324451e-07,0.016854363,1.6839513e-07,5.235148e-08,6.3090306e-06
2.2279994e-06,4.271472e-07,0.18171573,8.5193925e-08,0.0001983886,2.0693322e-05,3.8501054e-07,9.605634e-06
2.590033e-06,3.3525507e-07,3.3434266e-05,1.436908e-07,0.00017127552,1.2517418e-07,2.0580636e-07,2.1263844e-05
4.5012384e-06,1.51965e-07,0.00049561606,5.791256e-08,0.0003021415,5.5750405e-07,5.245273e-08,1.1896353e-05
1.1540326e-06,1.9891169e-07,0.24375625,1.2068794e-07,1.6808573e-05,0.00011060653,4.2826278e-07,2.3285667e-05
1.5263255e-06,1.919364e-07,0.00039501127,2.660681e-08,0.00012776333,1.7066603e-07,9.334886e-08,3.4755394e-06
0.010964126,1.1767069e-05,4.5237706e-05,3.1023297e-05,0.7117603,2.4556534e-06,6.457896e-07,0.00043759923
1.299115e-05,1.3655767e-07,1.0720354e-05,3.3556822e-07,0.051247906,9.021661e-08,1.6521605e-07,9.581947e-06
0.023025366,7.349427e-06,3.233957e-05,3.252347e-05,0.8979764,2.7659507e-06,6.050483e-07,0.00054759544
0.0032303652,4.3961254e-06,9.129364e-05,5.5992e-06,0.9955047,6.118704e-06,4.4365012e-07,9.395048e-05
2.9561502e-06,2.7527537e-07,7.049883e-05,1.1201542e-07,1.5668586e-05,7.165925e-08,3.8896127e-07,3.2477878e-06
4.4792027e-06,4.8458463e-07,8.389915e-06,2.348982e-07,2.3208186e-05,5.12536e-08,2.9154288e-07,1.9958461e-05
1.9768033e-06,2.785832e-07,1.270214e-05,1.1692959e-07,7.775645e-06,5.905625e-08,1.073795e-06,9.620467e-06
4.2594575e-06,2.6261424e-07,1.6139658e-05,9.11673e-08,8.364191e-06,5.3054528e-08,1.7652893e-07,4.9662144e-06
0.0041479156,1.5714857e-05,2.1849331e-05,7.362454e-05,0.05594566,1.3636044e-06,3.7873795e-06,0.00026126503
1.13112665e-05,2.5213785e-06,0.0001846206,1.3367746e-06,3.511817e-05,1.3946891e-06,4.0809457e-05,3.147975e-05
1.069722e-06,2.994579e-07,7.8275814e-05,1.1506639e-07,4.43509e-06,1.11318116e-07,8.281408e-07,1.4810065e-05
3.3405486e-06,5.3264114e-07,0.17430536,2.0229106e-07,6.3537846e-06,5.963717e-05,2.2444717e-06,2.127559e-05
0.0011357621,8.248995e-06,0.00014743261,1.9765828e-05,0.0019089299,3.2759244e-06,4.311204e-06,0.00032896793
7.506258e-07,2.7194537e-07,9.219166e-05,7.267812e-08,1.5737611e-06,2.4477876e-07,1.6431536e-06,1.0888707e-05
0.0021012332,7.747991e-06,0.00053827977,1.8842704e-05,0.0034912622,6.7560427e-06,2.6187574e-06,0.0001450902
1.121093e-05,2.7910014e-06,0.19723003,8.783105e-07,0.000114798204,0.0001761902,3.63515e-06,2.0321051e-05
0.0030344836,9.114798e-06,0.0002581629,2.3757833e-05,0.02507266,2.8190168e-06,3.310436e-06,0.00017478381
2.891019e-06,5.0947557e-07,0.27817625,3.4378195e-07,6.122445e-06,0.00015022753,3.4643872e-06,4.2721786e-06
2.6702164e-06,2.880427e-07,0.00027024795,1.2995119e-07,2.3959492e-05,2.0507146e-07,4.1138676e-07,6.1080573e-06
9.2735845e-06,1.4990499e-05,0.00021026284,1.6724744e-06,6.938831e-05,6.295162e-07,6.7941055e-06,2.8178933e-05
7.3031597e-06,1.4662525e-06,0.29699862,9.357826e-07,3.1378262e-05,6.730358e-05,6.6172997e-06,5.7635818e-05
1.6477137e-05,2.9611244e-06,0.34700045,1.1258728e-06,8.086678e-05,0.00016761087,4.0597197e-06,1.4186993e-05
3.560104e-05,1.6267526e-06,2.2227521e-05,2.566336e-06,0.0021411688,1.708098e-07,8.4565914e-07,2.1521224e-05
3.8985763e-05,6.565979e-06,0.00015053725,5.7835405e-06,0.0002351318,6.1669647e-07,1.3653645e-05,7.744655e-05
1.9228646e-06,3.6822954e-07,8.7003194e-05,8.957586e-08,2.4241497e-05,8.952427e-08,1.10067596e-07,9.216383e-06
2.8567872e-06,3.1827489e-07,9.841356e-05,1.8622106e-07,1.9213365e-05,1.8326212e-07,8.2099365e-07,1.042825e-05
1.7347201e-06,5.3201614e-07,0.00011489141,2.335038e-07,2.4629388e-05,1.9349804e-07,7.5322384e-07,1.3688637e-05
2.2037078e-05,6.243282e-06,3.776743e-05,6.041441e-06,0.00010143542,4.9625936e-07,3.836084e-05,4.0676732e-05
1.0783199e-05,6.464421e-07,3.9237075e-05,3.1378906e-07,5.594427e-05,7.728037e-08,7.55459e-07,1.140791e-05
6.6637326e-06,1.9892832e-06,0.43935,6.638257e-07,1.1917382e-05,0.00013953212,4.1839016e-06,1.319618e-05
1.2368877e-05,1.555956e-06,9.2787865e-05,7.124521e-07,0.0001675201,2.9212035e-07,1.7570308e-06,8.012453e-06
1.0277284e-05,1.5478781e-06,0.21230361,8.095351e-07,2.6292117e-05,0.00013361136,1.7296371e-06,1.27551375e-05
8.721098e-07,3.0095293e-07,9.968885e-05,1.1986813e-07,2.475284e-05,1.8943703e-07,4.3958048e-07,2.854369e-06
0.019316755,2.1724562e-05,3.3031116e-05,0.00010200149,0.058832098,1.6811578e-06,2.0956124e-06,0.00041482097
1.207633e-05,3.6101335e-07,2.5968351e-05,6.2326654e-07,0.00083097094,1.3029705e-07,3.9120636e-07,3.9152283e-06
0.009223011,8.91811e-06,0.00017299462,3.8532977e-05,0.04483568,2.8829875e-06,1.4744173e-06,0.00020402644
6.5704703e-06,4.5841023e-07,3.8298916e-05,2.4058744e-07,3.136558e-05,1.9837746e-07,4.057163e-07,6.5873164e-06
2.3639202e-06,4.969129e-07,0.3021832,2.7147894e-07,7.4677682e-06,0.000123231,1.2468693e-06,8.340922e-06
5.356726e-07,1.3206223e-07,1.5176358e-05,7.850214e-08,2.6876737e-06,4.6747644e-08,5.5690356e-07,7.6141628e-06
0.011017637,2.4922865e-05,9.373579e-05,0.00011434678,0.070139326,3.4813381e-06,1.9594568e-06,0.0005847006
8.373499e-07,1.6590747e-07,1.2844955e-05,1.1280174e-07,5.861992e-06,5.2492062e-08,4.6952908e-07,6.391928e-06
2.092359e-05,2.7517814e-05,6.6836146e-06,2.3209454e-06,0.0001844603,5.8572084e-08,1.4113472e-06,1.4534716e-05
3.85247e-06,7.732872e-06,1.5925772e-05,6.6292796e-07,2.2680351e-05,8.203809e-08,1.015117e-06,7.785016e-06
2.5476718e-06,3.709591e-07,2.0855221e-05,5.081198e-07,0.0004664466,7.218286e-08,1.7751823e-07,5.538994e-06
2.8888528e-06,6.077154e-07,0.32979953,2.720717e-07,4.804927e-06,0.00011261918,1.4014062e-06,1.7366918e-05
4.929626e-06,4.792333e-07,5.3424897e-06,2.928668e-07,4.691922e-05,3.0377702e-08,2.926951e-07,9.509356e-06
8.834525e-07,9.684739e-08,3.588309e-05,4.6255565e-08,2.7043704e-06,6.0339914e-08,1.3954512e-07,6.8918034e-06
1.0429984e-06,1.3069878e-07,5.3309313e-06,1.0548155e-07,1.184376e-05,1.7148006e-08,3.571124e-07,2.8741374e-06
3.4624384e-06,4.5057902e-07,6.690447e-05,1.4592341e-07,6.7024444e-06,1.5565006e-07,4.3622333e-07,2.4739202e-05
4.383616e-06,2.7023982e-06,5.0143866e-05,7.730121e-07,2.0752905e-05,2.0649898e-07,3.303794e-06,1.5565434e-05
8.6044395e-07,3.5870232e-07,0.0003400377,8.137204e-08,3.902234e-06,1.8719469e-07,3.71957e-07,1.1009654e-05
1.4992896e-06,6.558611e-07,0.0005723463,1.798744e-07,1.0715734e-05,6.2646654e-07,1.7966385e-06,8.433096e-06
1.0619485e-05,1.0837178e-05,8.730022e-05,5.195285e-07,3.9018792e-05,1.4529104e-07,5.923042e-07,5.42362e-06
1.6192831e-05,7.985121e-07,0.9847972,1.2990475e-06,8.141406e-05,0.00027911377,3.5492017e-06,1.9179442e-05
3.6458569e-06,7.2732274e-07,0.27047205,8.631232e-07,0.00042946404,0.00031046278,1.8619651e-06,2.0363379e-05
3.401053e-06,8.102903e-06,2.9682255e-05,1.0804988e-06,0.0010054212,2.0631042e-07,1.8991163e-06,1.4220558e-05
9.456543e-06,1.8577508e-06,6.912157e-05,1.4169522e-06,0.0026431242,2.617686e-07,5.5824953e-06,4.099997e-05
8.883375e-07,3.3771988e-07,1.6554694e-05,1.7170777e-07,0.00018481081,9.039041e-08,2.02535e-06,1.2556085e-05
1.0684006e-06,2.468021e-07,0.00010951204,6.5474e-08,0.00032670662,2.8873356e-07,2.3162525e-07,2.7718131e-06
5.873766e-07,5.687162e-07,3.5298606e-05,2.891709e-07,0.00013706366,2.839012e-07,2.0367218e-06,0.0011741633
2.5528934e-06,2.9971613e-07,7.5225785e-06,2.0233891e-07,0.0008844386,3.0368433e-08,2.7111724e-07,7.925202e-06
2.2949034e-06,6.108193e-07,0.23990038,1.1831164e-07,7.8626756e-05,3.621024e-05,8.9715354e-07,1.0157697e-05
7.0081674e-06,3.773129e-07,1.1269888e-05,7.775866e-07,0.06989359,1.2477587e-07,1.4601306e-07,8.98754e-06
1.2538379e-06,5.6859307e-07,0.26958463,1.2161432e-07,4.2877793e-05,5.9942835e-05,5.816762e-07,6.611692e-06
2.369307e-07,1.15195945e-07,1.403414e-05,5.2282026e-08,0.00020140264,7.8662666e-08,8.700971e-08,1.4781365e-05
2.4069715e-07,7.242461e-08,1.3155669e-05,2.0251434e-08,2.4638808e-05,3.464805e-08,1.2338253e-07,4.898317e-06
3.9823723e-07,7.778582e-08,4.6445657e-06,4.478671e-08,0.00018418946,2.2053824e-08,7.478164e-08,2.4916876e-06
2.9935072e-06,4.9735945e-07,0.24451374,2.3799369e-07,0.00013909998,9.486856e-05,7.428017e-07,1.0757079e-05
8.5332795e-07,1.5669022e-07,4.3284244e-06,9.395064e-08,7.23686e-05,2.2058115e-08,3.240856e-07,1.0142345e-05
7.646924e-06,5.490094e-07,2.9226157e-06,1.5443188e-06,0.10749871,4.9524193e-08,3.9158783e-07,8.568895e-06
2.9480475e-06,1.5994028e-06,3.6067355e-05,1.2589554e-06,0.0008574348,5.064397e-07,4.095183e-06,0.0010447188
0.0009602413,2.7462655e-05,1.0678367e-05,4.080533e-05,0.78214204,7.2438894e-07,6.833835e-07,0.0002941057
9.2135286e-07,7.263086e-07,9.946346e-06,2.9704645e-07,0.000546535,2.3928706e-07,9.841958e-07,0.001549833
4.4714764e-07,1.5888794e-07,9.573534e-06,7.5440944e-08,0.0001490916,4.4364327e-08,2.19552e-07,2.6119727e-05
3.2565606e-07,9.4353624e-08,3.2180021e-06,2.9288488e-08,0.00015393902,8.880875e-09,3.2412416e-08,4.346115e-06
1.3808891e-06,4.769394e-07,0.15268292,2.3297908e-07,0.00020468325,6.958571e-05,3.261966e-07,2.7215965e-05
1.0667065e-06,7.980471e-08,7.3631068e-06,4.5591893e-08,0.00018365931,2.138056e-08,5.4507783e-08,5.798734e-06
2.990789e-07,1.7408921e-07,0.00050338666,4.6570815e-08,3.2876687e-05,7.192976e-07,1.6215155e-07,2.4602976e-05
2.5658562e-07,1.5582769e-07,0.21377583,3.683324e-08,1.3769408e-05,1.2831744e-05,4.043462e-07,4.675889e-06
0.0023523252,1.3285606e-05,2.2316133e-05,3.7198268e-05,0.69594806,1.5871182e-06,1.0281776e-06,0.0002415778
1.7251217e-06,1.8775536e-07,6.833269e-06,5.2896604e-07,0.04948762,9.743269e-08,1.5462949e-07,9.730064e-06
4.685996e-06,3.2376616e-07,8.4728135e-06,9.301301e-07,0.057706315,8.676974e-08,2.0227507e-07,7.926449e-06
1.9701429e-06,6.494452e-07,7.421368e-05,2.2904489e-07,0.0003684637,2.1969608e-07,1.4027753e-06,1.1300356e-05
4.9150464e-07,1.0455374e-07,7.396142e-06,4.6903583e-08,9.657332e-05,2.9358292e-08,6.728901e-08,7.864788e-06
3.611132e-07,2.090926e-07,7.1581426e-06,1.3041826e-07,0.0002468798,4.814095e-08,2.5013796e-07,4.6193778e-05
2.4245983e-07,2.8481563e-07,1.0197093e-05,1.3042771e-07,0.00013021607,1.00063744e-07,2.878219e-07,0.00012496625
4.375796e-07,6.216774e-08,4.1965613e-06,2.7033796e-08,9.863284e-05,8.173911e-09,1.0011471e-07,3.0136498e-06
1.7519727e-07,1.1343834e-07,6.958394e-06,5.2632522e-08,2.4826602e-05,2.9310732e-08,2.5373637e-07,4.1837066e-05
1.3753521e-06,2.9224907e-07,0.30589122,1.255484e-07,6.6171044e-05,2.430638e-05,2.9209556e-07,2.2717282e-05
6.531353e-07,2.5292752e-07,0.30478916,1.0680558e-07,4.2091022e-05,2.45033e-05,2.9246462e-07,2.1311575e-05
3.5894977e-06,1.1017529e-06,0.00014667975,7.458697e-07,0.0009838243,1.0185421e-06,2.5173158e-06,3.133885e-05
9.5465104e-08,2.942663e-08,6.9491957e-06,8.662666e-09,9.696309e-05,1.8622863e-08,7.412243e-09,1.8598994e-06
4.3483314e-07,5.6958623e-08,9.5711344e-05,5.9163014e-08,0.00022752228,4.0786009e-07,5.2389538e-08,5.1509764e-06
4.1927265e-08,2.5781661e-08,1.8519611e-05,6.5353203e-09,3.1027706e-05,2.4228735e-08,1.9150063e-08,1.7241069e-06
2.5343115e-07,7.38911e-08,1.5441286e-05,4.1908077e-08,0.00018492802,1.6795008e-07,3.4496452e-08,6.5439617e-06
2.4564494e-07,2.847993e-07,1.0638274e-06,1.971177e-07,0.0001113526,7.920995e-08,3.1269153e-07,0.0003897803
4.16225e-07,4.2756895e-08,5.4929296e-06,2.4417458e-08,0.00013238641,3.168073e-08,3.3414263e-08,7.4730197e-06
1.0766626e-07,5.2750806e-08,1.1483652e-05,1.5628782e-08,3.7651167e-05,3.6583284e-08,6.007132e-08,3.8672642e-06
8.8137e-08,6.059214e-08,1.0877767e-05,2.5108937e-08,3.9959068e-05,3.6711473e-08,9.670803e-08,1.746589e-05
1.587601e-07,1.8544922e-07,1.6319458e-05,8.145761e-08,9.3981755e-05,6.7439345e-08,1.7289084e-07,5.567991e-05
4.7263703e-07,7.003987e-08,4.8566704e-05,3.5896914e-08,0.0002497768,1.03000744e-07,1.5169597e-07,5.7181837e-06
5.050554e-07,1.6262902e-07,0.00014657657,9.9762076e-08,0.00012609719,4.8873005e-07,9.836103e-07,1.5840313e-05
4.4337477e-07,8.4299955e-07,6.0398597e-05,2.4195353e-07,0.00048454714,2.533198e-06,1.299423e-06,0.012306442
3.715748e-06,6.005854e-07,5.3963624e-05,3.080713e-07,0.0004655163,2.4678616e-06,6.012736e-06,0.003506813
2.5541303e-06,1.3314992e-07,1.1304074e-05,1.1117404e-07,0.0037111773,5.6229357e-08,1.650508e-08,5.5823357e-06
3.7076775e-06,1.0698498e-05,6.8622376e-06,2.9920383e-07,0.00011717459,3.6192056e-08,1.237214e-07,9.794666e-06
7.0363893e-07,6.95078e-08,2.0480486e-05,2.4695392e-08,1.32448595e-05,4.5754888e-08,3.2336278e-08,4.6772802e-06
0.008882872,1.2676497e-05,4.9349972e-05,3.0808045e-05,0.54391706,4.5558486e-06,3.7538803e-07,0.00062625034
6.338572e-07,9.461673e-08,1.1037544e-05,2.1617243e-08,1.6352453e-05,3.347537e-08,3.5561968e-08,3.285238e-06
5.7544963e-07,1.357129e-07,4.998368e-06,4.9205006e-08,1.9454623e-05,2.4593202e-08,4.0740126e-08,1.3878593e-05
0.006743744,1.1539025e-05,1.9670808e-05,3.9105882e-05,0.5365138,2.2595011e-06,2.5616507e-07,0.00055047206
6.7109363e-07,1.2086589e-07,3.5566733e-05,2.0420861e-08,2.070941e-05,4.5425068e-08,3.625209e-08,6.577856e-06
0.0037215655,1.0916218e-05,1.6185204e-05,2.7745775e-05,0.5194963,1.8045082e-06,2.3120262e-07,0.0006153179
2.3220834e-06,1.9013513e-07,8.5573565e-06,1.4357218e-07,0.008293351,4.7723702e-08,1.2418214e-08,4.8965094e-06
4.0858808e-07,4.9243774e-08,1.017738e-05,9.354666e-09,1.0608634e-05,2.1914529e-08,1.7325473e-08,3.161677e-06
1.0321044e-06,4.6951655e-08,1.4540192e-05,1.748462e-08,2.496109e-05,3.6094026e-08,7.8604145e-09,4.6029445e-06
3.4519925e-07,1.11599796e-07,9.796459e-06,1.4042588e-08,2.0091204e-05,1.47265045e-08,1.4589399e-08,1.0008508e-05
9.658393e-07,6.659252e-08,3.407075e-06,2.9912044e-08,2.3148636e-05,1.6790565e-08,4.6974133e-08,6.882582e-06
1.2155026e-05,1.1984247e-06,0.00015403975,5.8022243e-07,0.00023510488,8.1968875e-07,1.0894521e-06,1.7493647e-05
0.009900041,1.697679e-05,5.8362017e-05,3.2967768e-05,0.44833133,6.1752207e-06,3.9357664e-07,0.00092880375
4.568404e-07,5.3972926e-08,5.7330595e-05,1.0120691e-08,2.7219987e-05,5.0065648e-08,1.73186e-08,1.8698107e-06
1.4201608e-07,5.546425e-08,8.367642e-05,9.563984e-09,1.4982166e-05,6.52501e-08,1.6785378e-08,2.204711e-06
5.608125e-06,8.129082e-07,0.52433914,2.0922725e-07,1.4481255e-05,0.00034053644,4.302117e-07,1.8359062e-05
1.1194094e-06,8.74361e-08,2.8233484e-05,2.9485062e-08,3.7306512e-05,1.5340186e-07,1.766193e-08,1.1242611e-05
2.5420627e-06,2.9482703e-07,0.39236686,8.8033005e-08,5.919225e-06,0.00012343541,1.6607304e-07,1.0532314e-05
2.3149606e-07,7.0674744e-08,3.2033426e-05,1.8342536e-08,5.179814e-06,7.3165765e-08,3.280743e-08,1.0779888e-05
4.556786e-07,1.3187268e-07,2.7455168e-05,2.4101615e-08,1.6263262e-05,5.5888275e-08,3.943212e-08,4.5507422e-06
2.959442e-06,6.162742e-06,3.6881673e-05,2.0310354e-07,7.479465e-05,9.727447e-08,1.4239322e-07,7.997764e-06
0.001713708,1.5699923e-05,0.00012911245,2.6591355e-05,0.25791496,6.0561624e-06,4.7886914e-07,0.00051573914
1.6867561e-07,5.2111094e-08,0.0001276318,9.611457e-09,4.7788058e-06,1.6450322e-07,4.9393535e-08,5.776909e-06
3.3683406e-07,3.499014e-08,3.956642e-05,1.069052e-08,1.1589369e-05,8.228774e-08,1.1343224e-08,5.3891126e-06
2.1336923e-06,2.81356e-07,0.34910712,8.81819e-08,9.32047e-06,0.00014506889,2.2237126e-07,6.5951417e-06
3.6191618e-06,6.9814917e-07,0.0005509287,3.5980344e-07,0.00015823467,1.2858617e-06,5.5185296e-07,1.8884582e-05
7.585527e-06,1.8447972e-06,0.0004057577,5.4732243e-07,0.00020040825,1.0514354e-06,1.1144159e-06,1.7347353e-05
1.8219489e-06,1.198255e-07,1.9845627e-05,1.2892134e-07,0.0031550843,5.4893082e-08,1.2995698e-08,3.167716e-06
7.263786e-07,1.8031288e-07,1.6585524e-05,4.916269e-08,2.1490521e-05,4.371094e-08,3.0392712e-08,1.0713088e-05
3.7002699e-06,1.2428458e-05,2.2955488e-05,2.6687832e-07,0.00013779383,7.118205e-08,1.0626628e-07,1.1427663e-05
7.5680384e-07,7.294741e-08,2.760205e-05,2.1502965e-08,4.144841e-05,3.0829725e-08,1.4868666e-08,3.6297351e-06
0.0028151912,7.859974e-06,5.9519825e-06,2.3754052e-05,0.5880343,6.538408e-07,1.9598927e-07,0.00049972243
3.8645658e-06,2.0574906e-07,8.403135e-06,3.6614003e-07,0.009347868,5.8860355e-08,2.066378e-08,4.267691e-06
2.5144102e-06,1.9780809e-07,0.32619625,1.1196245e-07,1.8976618e-05,5.616536e-05,1.0057098e-07,4.5832508e-06
7.9779505e-07,1.1343574e-07,3.156844e-06,4.289241e-08,2.3111445e-05,2.0772372e-08,1.9732152e-08,5.593932e-06
1.0097891e-06,1.564325e-07,2.6742207e-05,2.744852e-08,5.1368093e-05,4.6930342e-08,2.5535646e-08,4.007822e-06
7.584681e-06,7.0633627e-07,3.926481e-05,2.2553085e-07,0.00022100404,1.859208e-07,3.717162e-07,8.37733e-06
1.5975187e-06,1.608317e-07,4.223726e-05,2.7736714e-08,3.139359e-05,9.8058926e-08,3.4303156e-08,1.9704285e-06
5.9840654e-06,2.392647e-07,1.1935273e-05,3.8670694e-07,0.008717835,4.7800864e-08,2.2016504e-08,4.703753e-06
1.9379384e-06,4.4302857e-07,1.4625166e-06,9.236114e-08,0.00021366986,2.6948957e-08,7.17231e-08,0.0002740337
4.081297e-07,4.3644384e-08,3.6989106e-05,5.4822755e-09,1.3662137e-05,6.4047875e-08,4.622001e-09,9.0638207e-07
5.870311e-06,3.255207e-07,4.7472226e-06,2.9938622e-07,0.04602449,1.1256286e-07,2.6737913e-08,2.292779e-05
1.158281e-06,1.2249969e-07,1.8213625e-05,2.333733e-08,6.141079e-05,3.7153644e-08,4.077021e-08,4.4522403e-06
0.0018821412,5.8236506e-06,5.9195236e-06,1.0624145e-05,0.46032017,2.9053365e-07,4.816695e-08,0.00040035872
3.4039203e-07,5.3843372e-08,5.0359078e-05,5.9493646e-09,1.7681194e-05,7.700639e-08,1.6552873e-08,2.7881413e-06
2.467132e-06,1.7090838e-07,0.35136384,4.2256506e-08,9.160268e-06,8.1095364e-05,1.1378962e-07,1.396278e-06
2.1954076e-05,1.6689099e-05,1.2524022e-05,9.966052e-08,0.0010507806,1.5554115e-06,5.663688e-07,0.00040086685
1.4070199e-06,2.0861796e-07,0.00023678715,7.7572615e-08,0.00039427634,2.298155e-07,2.8296512e-07,2.708614e-06
0.0011293149,5.0098306e-06,1.9038838e-06,1.7246713e-05,0.7567757,3.173217e-07,4.2667045e-07,0.00017028073
8.0819973e-07,2.1640125e-07,9.922045e-06,7.1543305e-08,0.000904558,6.159659e-08,1.3553996e-07,3.186453e-06
1.9415625e-06,4.5352868e-07,2.2829412e-05,2.7693136e-07,0.00049782736,3.621095e-07,1.4531405e-06,0.00010609741
8.502812e-06,4.0677628e-07,2.0660607e-06,1.1695429e-06,0.13152495,5.626412e-08,1.5076428e-07,1.6308737e-05
3.9812107e-07,9.0109644e-08,3.4425846e-06,3.3322866e-08,0.000293981,8.916672e-09,5.4111055e-08,2.8198317e-06
9.310452e-07,1.9717675e-07,9.039719e-06,8.612749e-08,0.00036120863,1.223521e-07,4.1621269e-07,9.832869e-06
1.2125305e-06,4.443447e-06,6.1957426e-06,2.1421691e-07,0.00025973681,1.0046247e-07,1.3513536e-06,6.2864183e-06
0.0005499403,3.6949207e-06,4.360779e-06,1.2507669e-05,0.62952846,4.4189647e-07,3.7214502e-07,0.00022646783
1.4553901e-06,1.2209776e-07,4.814325e-06,6.359941e-08,0.0011334444,2.5335329e-08,2.8549928e-07,7.3222614e-06
8.71966e-07,1.221391e-07,0.0634721,3.8602963e-08,0.00013808518,2.4393345e-05,3.5064495e-08,1.6484588e-06
9.2384994e-07,3.1995268e-07,3.7613163e-06,1.1127523e-07,0.000431338,3.0738715e-08,3.3534621e-07,9.9817335e-06
7.8236656e-07,1.6547497e-07,6.8857325e-06,7.8040834e-08,0.0001942828,6.5069145e-08,3.3027877e-07,1.2902942e-05
9.132155e-06,5.446466e-07,2.823782e-06,7.47924e-07,0.08192215,5.8197138e-08,2.2710645e-07,4.6124974e-06
4.1718036e-07,1.72673e-07,0.1513785,4.8833076e-08,2.1520793e-05,2.2323049e-05,2.4938433e-07,3.6854399e-06
1.0670777e-06,2.9023875e-07,6.6886837e-06,7.191748e-08,0.0017744731,4.119057e-08,1.3261362e-07,9.189422e-06
3.598731e-07,4.6391992e-08,7.341441e-06,5.3285454e-08,0.00019134372,4.065963e-08,2.1165238e-07,5.160761e-06
0.001257976,1.29225955e-05,9.143284e-06,1.7322489e-05,0.76776546,9.3541047e-07,9.938693e-07,0.00019893488
1.4190821e-06,9.216054e-08,6.971106e-06,1.04547965e-07,0.0016391525,6.5528475e-08,2.1237176e-07,7.361443e-06
9.192743e-06,2.8090716e-07,2.7204653e-06,6.265807e-07,0.089094274,6.2425464e-08,1.890052e-07,1.13099395e-05
0.0012730501,2.5454203e-06,1.4530183e-05,1.4335795e-05,0.66307926,8.2673074e-07,5.261827e-07,0.00010030169
0.0003589034,2.3236962e-06,4.4223684e-06,8.771229e-06,0.40479952,2.2377405e-07,2.6500635e-07,6.410492e-05
6.981152e-07,1.8714381e-07,1.616862e-05,1.279748e-07,0.00036646708,1.3026326e-07,4.0047132e-07,8.315325e-06
9.640912e-08,3.6733677e-08,7.66623e-06,6.9774493e-09,0.00010316634,1.565202e-08,3.4430585e-08,2.4476687e-06
2.6061608e-07,6.286038e-08,3.1119594e-06,2.1390065e-08,0.0001651692,1.7390892e-08,1.5968347e-07,2.58093e-06
4.824966e-07,1.08844425e-07,5.3794124e-06,6.988067e-08,0.0009072601,2.8620011e-08,9.944386e-08,3.0280632e-06
7.4963856e-07,8.99503e-08,2.5017619e-06,5.0904916e-08,0.00024170708,2.7617672e-08,2.2673724e-07,8.3231325e-06
8.230538e-07,2.0108948e-07,4.9330356e-06,1.0241265e-07,0.0005537769,4.8866063e-08,1.5807285e-07,8.734425e-06
5.5485197e-07,1.3054681e-07,5.3680765e-06,5.1405053e-08,0.00042373018,2.3417813e-08,6.929389e-08,4.831804e-06
2.8605035e-07,1.1737672e-07,4.3441305e-06,2.8051732e-08,0.00013648915,1.651273e-08,5.2191567e-08,3.7759833e-06
9.719937e-08,2.4856252e-08,5.9759273e-06,6.6975656e-09,6.533579e-05,1.70748e-08,2.8618809e-08,8.7969363e-07
3.6595887e-07,1.3837389e-07,4.7500303e-06,4.7009713e-08,6.867283e-05,3.9320064e-08,2.043423e-07,4.9884243e-06
3.631034e-06,7.534831e-07,0.00010274232,2.8500608e-07,0.002830665,6.9668397e-07,2.9727713e-07,0.000421951
7.2075886e-07,7.408825e-08,0.13621281,9.352262e-08,7.702518e-05,3.9397215e-05,1.7206757e-07,2.8736633e-06
1.8155454e-06,4.6339912e-07,3.6800136e-06,2.702352e-07,0.00069675833,1.0342498e-07,6.1281827e-07,0.0002999399
1.5531689e-06,1.5012309e-07,1.122607e-05,4.4798846e-08,0.001247511,4.1834284e-08,6.461254e-08,4.3833907e-06
3.4590843e-07,7.2647076e-08,1.2926264e-06,6.0126915e-08,0.00013845436,2.4960721e-08,1.7563893e-07,4.3754967e-06
0.0021461218,1.4284946e-06,2.961483e-06,1.066234e-05,0.77112913,3.0659558e-07,2.7705366e-07,0.00015577859
1.136555e-06,2.4729857e-06,4.646945e-06,1.2908349e-07,0.00022537808,2.2957163e-08,2.784289e-07,5.1318248e-06
2.837285e-07,3.808118e-08,6.200477e-06,1.9567432e-08,0.00015982793,2.3366013e-08,4.549747e-08,1.2384376e-06
2.5174863e-06,3.2387425e-07,4.2808217e-05,3.4685914e-07,0.03303182,1.8274847e-07,1.488902e-07,6.0259454e-06
9.248619e-07,1.2168776e-07,1.6716624e-05,5.964808e-08,0.00065959326,5.119097e-08,8.068215e-08,4.2379465e-06
2.858556e-06,1.7446499e-07,3.6465071e-06,1.9976622e-07,0.0442448,3.6246977e-08,5.878552e-08,2.7780718e-06
5.0095814e-06,1.7383388e-07,1.181408e-05,4.4501203e-07,0.091786094,1.19129886e-07,6.942684e-08,5.203262e-06
3.4545678e-07,6.837356e-08,4.203627e-06,1.9855873e-08,0.00020893586,1.1759123e-08,3.5078944e-08,3.3708934e-06
0.0058963685,6.113559e-06,1.0359262e-05,1.9524807e-05,0.93702555,1.3803531e-06,1.5046665e-07,0.00026864823
2.1969242e-06,8.662901e-08,7.1008803e-06,3.1483815e-08,0.0008366868,4.3935287e-08,2.316981e-08,3.5557239e-06
1.949375e-06,1.0698948e-07,2.1831502e-05,4.1471214e-08,0.0012859735,5.9296998e-08,5.311944e-08,2.6206162e-06
3.1647992e-06,2.127961e-07,5.0771137e-06,9.989212e-08,0.004585746,8.755776e-08,2.7337734e-07,2.6281916e-05
0.0010768767,1.1896739e-05,1.2389251e-05,1.5015324e-05,0.99738234,8.908156e-07,1.1687011e-06,0.00020140379
3.854782e-06,9.707048e-07,0.091314524,5.0557054e-07,0.0019689624,8.944225e-05,2.4094343e-06,1.553616e-05
1.4142345e-06,2.460163e-07,1.8133484e-05,8.3110166e-08,0.00038156263,1.0318458e-07,6.7252813e-07,4.143594e-06
5.228735e-06,5.016994e-07,5.8455234e-06,6.412904e-07,0.066334166,9.5715066e-08,3.3352697e-07,4.450975e-06
2.4337885e-07,9.340959e-08,5.320316e-06,2.8394743e-08,7.105964e-05,3.8927404e-08,1.8995206e-07,1.1133525e-06
3.8057e-06,5.188126e-07,0.16035876,1.982549e-07,0.0005419109,5.591563e-05,6.9682017e-07,1.1954274e-05
1.4445766e-06,8.101776e-07,0.00038537744,5.3885604e-08,0.00035916662,6.4623686e-07,1.6345092e-07,5.7264697e-05
9.57007e-07,1.6787817e-07,6.028226e-05,6.7624306e-08,0.00054498203,4.1207826e-07,4.294009e-07,6.0180714e-06
1.7858815e-06,1.878039e-07,2.0055291e-05,1.4332157e-07,0.0009512125,1.5804964e-07,3.311954e-07,1.0716082e-05
3.8169205e-06,3.8288974e-07,0.028534207,1.5582354e-07,0.0004884478,2.8802735e-05,1.0666862e-06,6.705488e-06
9.875081e-07,1.5072646e-07,2.0914173e-05,4.9327536e-08,0.0013943041,7.577652e-08,1.7579393e-07,2.9506518e-06
1.3626695e-06,2.1125048e-07,1.0007831e-05,1.4081162e-07,0.000686021,7.228812e-08,3.6138536e-07,1.0531752e-05
2.7828366e-06,3.8126748e-06,1.670945e-05,1.7531211e-07,0.00033503858,6.888222e-08,6.350728e-07,3.1994948e-06
5.5486903e-06,2.6384433e-07,1.3742671e-05,5.435502e-07,0.043196082,1.2675918e-07,4.1764767e-07,5.76157e-06
4.379323e-07,1.18704264e-07,0.17882715,2.8122178e-08,1.9453546e-05,1.5112478e-05,1.1371802e-07,6.1214937e-06
5.0222167e-07,1.0349028e-07,6.0298524e-05,3.6369208e-08,0.00024791504,1.2950802e-07,1.3275876e-07,2.8628695e-06
2.2923507e-06,2.824709e-07,1.2692694e-05,1.7446017e-07,0.0016358756,8.512863e-08,1.8273647e-07,6.381744e-06
3.6357496e-06,3.846351e-07,7.0827487e-06,2.1639568e-07,0.0033748732,1.0690788e-07,8.730077e-07,3.9067345e-05
1.5376364e-06,1.3902573e-07,5.592481e-06,6.087839e-08,0.00023046583,5.2189474e-08,3.620622e-07,2.6952098e-06
8.2819915e-06,1.3925732e-06,0.15157838,3.3903876e-07,0.0002512735,1.8116718e-05,3.7432521e-06,2.2301369e-05
1.7938066e-06,9.3734776e-08,2.5774205e-05,4.2384368e-08,0.0005331587,6.635644e-08,1.0467306e-07,4.506367e-06
5.4794777e-06,1.4695604e-06,2.144501e-05,2.9756674e-07,0.0019807636,4.6060222e-07,1.5999018e-06,2.0806232e-05
1.7903237e-06,1.8178292e-07,5.947693e-06,4.961552e-08,0.00092078507,3.8582133e-08,1.11239565e-07,3.6420518e-06
2.7364001e-06,2.0108699e-07,5.720698e-06,1.1281142e-07,0.0011953469,6.387976e-08,3.2433476e-07,8.136868e-06
5.2885025e-06,8.029718e-07,1.3785068e-05,2.4707293e-07,0.0006751543,1.9247234e-07,2.2388879e-06,1.0839184e-05
1.672852e-05,7.355137e-07,4.0452942e-05,6.501933e-07,0.04173248,2.0838333e-07,2.2428083e-07,4.053325e-06
9.247903e-06,1.0438811e-06,5.6584518e-06,4.929518e-07,0.0041397456,8.48079e-08,1.0788256e-06,8.978133e-05
5.9867034e-07,6.21509e-08,0.13651577,2.0428885e-08,3.1446114e-05,7.84143e-06,1.03598516e-07,3.9771908e-06
7.552443e-07,3.3933347e-07,0.000111539535,5.3202175e-08,0.00018443339,1.7715496e-07,2.0810229e-07,9.31698e-07
1.1416827e-06,2.7513053e-07,1.3789487e-05,1.14154155e-07,0.0006635243,3.7871047e-08,2.617711e-07,2.6420362e-06
5.5463454e-07,9.41327e-08,2.7263372e-05,6.259883e-08,0.00017213359,1.0206574e-07,3.5992156e-07,1.326573e-05
1.1433028e-06,1.1996843e-07,2.5373847e-05,4.0291077e-08,0.00021838817,6.456918e-08,1.8296107e-07,5.8424357e-06
1.2942177e-06,9.6029034e-08,5.9131697e-05,4.0234706e-08,0.0013585304,1.0093419e-07,1.656387e-07,1.0927739e-05
1.866171e-06,1.5926189e-07,1.1743078e-05,8.488219e-08,0.00085496693,4.4696428e-08,2.3288911e-07,3.4147583e-06
0.011827886,1.3624406e-05,7.00257e-06,8.042613e-05,0.89247966,2.0453876e-06,2.209289e-06,0.00046603286
3.3559e-07,7.854633e-08,1.0290338e-05,2.6256334e-08,0.000112254005,4.1663874e-08,8.0145945e-08,2.8858376e-06
0.0026541436,1.3478437e-05,1.5125555e-05,3.41072e-05,0.914608,2.0101675e-06,4.2645323e-07,0.00035810756
9.199884e-07,1.3864071e-07,3.2832588e-06,8.999783e-08,0.00023470509,4.4467686e-08,7.600811e-07,1.0365666e-05
9.4738954e-07,4.360112e-08,1.0602758e-05,2.4600379e-08,0.00020239076,3.7010494e-08,4.2916465e-08,3.0980889e-06
7.918214e-07,1.202321e-07,0.0003456535,1.2246218e-07,0.0004899526,9.385854e-07,1.277725e-07,1.0418797e-05
1.3593689e-06,1.437987e-07,1.22242045e-05,7.900851e-08,0.0007192732,3.7125314e-08,6.909157e-08,6.4067694e-06
1.1016447e-06,4.6989815e-08,3.308099e-05,1.6611226e-08,0.00039721123,3.8474838e-08,2.3920897e-08,1.0118723e-06
1.5642418e-06,2.0670568e-07,1.7043252e-05,7.437453e-08,0.0006490175,1.4404355e-07,3.4814136e-07,4.368117e-06
1.4282192e-06,2.786972e-07,0.2337527,7.623928e-08,0.000101607264,1.4312244e-05,1.7337594e-07,4.397681e-06
1.7787155e-06,1.031779e-07,1.0510641e-05,8.211027e-08,0.0027561435,5.863266e-08,4.1071168e-08,6.4893666e-06
4.6181083e-07,8.7708194e-08,2.062834e-05,2.3986871e-08,0.00040365965,6.232101e-08,4.00592e-08,4.618158e-06
1.4958064e-06,1.2474185e-07,2.3171298e-05,9.378646e-08,0.0009518112,2.579955e-07,2.768297e-07,1.1607608e-05
1.512059e-06,1.2937632e-07,1.6069562e-05,8.564131e-08,0.0018909762,7.328853e-08,2.1227011e-07,2.471201e-06
8.957019e-07,1.12737325e-07,0.1751978,5.8845878e-08,0.00020138113,6.260665e-05,1.2959761e-07,2.8611469e-06
1.054977e-06,6.423494e-08,2.2902417e-05,2.619561e-08,0.0032873873,7.135715e-08,1.8387619e-08,1.4145177e-06
4.8463215e-05,2.1513933e-06,6.6575245e-05,9.5553446e-08,0.08768554,1.0447864e-06,3.4827616e-07,8.151964e-05
5.0150984e-06,1.451416e-07,2.719127e-06,1.9361691e-07,0.0075195897,2.4667616e-08,6.2826096e-08,1.6777847e-06
7.135666e-07,2.845514e-08,2.5827053e-06,1.2430466e-08,5.1746723e-05,7.014304e-09,1.4774979e-08,3.943739e-07
4.2512536e-07,3.8846036e-08,1.0322628e-06,1.8012685e-08,5.0468843e-05,7.414278e-09,1.7511386e-08,7.0246296e-07
5.760158e-06,1.9788337e-07,3.870441e-06,2.508604e-07,0.01632074,3.777553e-08,3.4987867e-08,2.582656e-06
3.4065184e-07,4.9948035e-08,4.5293878e-06,1.8354225e-08,4.270005e-05,1.1823512e-08,2.4197517e-08,8.1127166e-07
0.00095335965,1.0502199e-06,3.8213857e-06,5.6372683e-06,0.24859749,2.7260882e-07,8.1036255e-08,4.2020758e-05
2.5096256e-07,9.988674e-07,7.989889e-06,1.8483753e-08,1.8855502e-05,1.3278809e-08,6.1339136e-08,6.723191e-07
1.0717836e-06,5.2095892e-08,6.884104e-07,2.9773044e-08,8.109862e-05,4.5362096e-09,3.3263618e-08,2.6065934e-06
2.0149126e-07,1.763934e-08,3.0753783e-06,9.949333e-09,2.1188078e-05,4.4955466e-09,1.1983758e-08,4.5560952e-07
1.5209955e-07,1.667109e-08,1.9687397e-05,5.358834e-09,1.926773e-05,1.5252363e-08,1.413999e-08,1.9305621e-07
5.546388e-07,9.598527e-08,0.03231908,2.3051323e-08,1.6474876e-05,2.6697533e-06,1.9127947e-07,8.306396e-07
2.5838558e-06,3.5749033e-06,3.9344486e-06,1.1761731e-07,0.00020860744,1.9354411e-08,1.1936734e-07,1.2490628e-06
6.573007e-07,1.0558098e-07,1.9629973e-05,3.9311587e-08,3.9063096e-05,3.9638586e-08,6.672933e-08,1.9843644e-06
7.451591e-06,1.8906847e-07,3.973199e-06,2.8325456e-07,0.01562688,2.2300938e-08,5.008322e-08,1.5986678e-06
0.00058791105,4.6179507e-06,1.1928412e-05,5.782465e-06,0.467025,7.441234e-07,2.0618138e-07,5.4294025e-05
3.2830362e-06,8.552802e-08,1.6622831e-05,6.560326e-08,0.0017869795,3.496185e-08,2.7786065e-08,5.961009e-07
1.7774521e-06,6.5192005e-08,2.6443706e-06,5.6406492e-08,0.00022733363,1.0288877e-08,7.614685e-08,9.005584e-07
1.24675125e-05,3.0863328e-07,2.391687e-05,2.9614924e-07,0.00052422023,1.1970592e-07,1.7463896e-07,6.0660527e-06
2.5181893e-07,2.2952566e-08,7.5895286e-06,1.457274e-08,0.000103049635,6.991757e-09,1.503269e-08,8.2050207e-07
7.3262805e-07,1.373979e-07,9.431382e-07,4.243225e-08,0.00010454329,7.4210984e-09,8.044075e-08,2.244813e-05
3.0034412e-06,5.125644e-08,2.023896e-06,8.924178e-08,0.0038027253,1.1468334e-08,1.53937e-08,1.7808047e-06
2.350531e-06,1.6534419e-07,8.492795e-06,7.636312e-08,8.4475505e-05,4.487025e-08,7.282743e-08,2.3368923e-06
1.8062574e-06,1.8634701e-07,0.094704136,3.735445e-08,2.3022487e-05,2.9925917e-05,1.8481187e-07,1.914537e-06
1.1273807e-07,3.2588776e-08,4.1780404e-06,8.212652e-09,2.4322264e-05,1.8332113e-08,1.1613017e-08,2.8820696e-06
9.3005474e-07,9.033663e-08,2.5160647e-05,2.5614524e-08,5.90977e-05,3.7536285e-08,5.7648172e-08,1.6859648e-06
1.6740703e-06,1.14659976e-07,2.8582942e-06,3.2901998e-08,0.00013094324,1.012214e-08,2.2230866e-08,3.520232e-06
8.5314076e-07,3.920212e-08,0.00016570221,2.541606e-08,0.00013422508,6.300658e-08,2.892878e-08,6.9964284e-07
0.00034709738,8.361857e-07,2.2016497e-06,1.7449591e-06,0.054268945,7.3159626e-08,1.02060675e-07,2.0421974e-05
7.525761e-07,3.9232486e-08,2.50737e-06,3.8311175e-08,0.00020872382,7.981944e-09,3.925367e-08,8.1424264e-07
1.0438432e-06,8.8182404e-08,5.9764116e-06,2.3654842e-08,0.00012457161,8.060889e-09,4.1412324e-08,1.4600904e-06
1.3734895e-06,1.1888247e-07,3.1472966e-05,4.7058247e-08,6.0649036e-05,5.017213e-08,6.4143606e-08,1.0051217e-06
9.876522e-07,1.4320435e-07,1.7082337e-05,3.5700133e-08,2.861514e-05,7.842642e-08,2.1075446e-07,1.8953077e-06
3.2017474e-06,1.00944575e-07,4.7414534e-05,5.540472e-08,0.00026885298,7.006419e-08,1.1135761e-07,1.8574709e-06
5.4462134e-06,3.9078427e-07,5.6429585e-06,1.2760262e-07,0.00040027706,3.6060168e-08,2.4664752e-07,6.140535e-05
1.5623826e-06,1.5865763e-07,0.00027341858,2.044904e-08,0.00013600262,4.1914595e-07,1.059255e-07,3.2875716e-05
0.0005909024,1.8142142e-06,3.4302457e-06,5.60178e-06,0.26278782,1.6427745e-07,7.58037e-08,1.6252254e-05
1.8739117e-07,1.5184701e-08,2.2928077e-06,6.0651892e-09,9.173923e-06,7.990429e-09,2.0849061e-08,7.6140077e-07
7.114621e-07,4.7010076e-08,7.797894e-06,2.92738e-08,0.00013202296,1.8999152e-08,4.973073e-08,6.7010046e-07
6.1145516e-07,1.494922e-07,4.457079e-06,5.907755e-08,0.00017410434,4.56819e-08,1.5456564e-07,3.5311838e-05
5.080937e-07,2.484398e-07,7.476084e-06,7.622285e-08,0.00025337175,7.660572e-08,1.8234007e-07,5.2424763e-05
2.8822816e-07,5.3389325e-08,2.3288641e-05,2.4605026e-08,4.2766227e-05,5.0182656e-08,4.653742e-08,1.5637763e-06
3.8689987e-07,5.105865e-08,8.03462e-06,1.2917999e-08,2.5309733e-05,7.715852e-09,6.939534e-08,1.0238674e-06
1.4553649e-07,1.2237025e-08,3.9266757e-05,5.683272e-09,3.768806e-05,1.92961e-08,2.1537113e-08,2.5093075e-07
4.5093282e-07,5.47348e-08,0.3602272,3.1036404e-08,1.9668556e-05,0.00010911676,1.2622898e-07,5.8488973e-07
9.988103e-07,1.3237279e-07,0.49129635,2.9291453e-08,1.7213653e-05,0.00024207697,2.5185304e-07,2.447622e-07
1.0428453e-06,2.1318333e-06,2.5859119e-05,8.982325e-08,9.0781614e-05,6.453926e-08,2.840713e-07,1.0931352e-06
7.770092e-07,5.8694773e-08,0.49964476,2.4929035e-08,1.0413403e-05,0.00015490613,1.127627e-07,4.6427627e-07
2.395759e-07,4.376534e-08,5.9822058e-05,1.2218997e-08,1.77654e-05,4.6257338e-08,5.008455e-08,6.1212495e-07
2.468819e-07,1.155423e-07,0.0019521296,1.0612586e-08,6.706557e-05,1.9490014e-06,3.668096e-08,0.00020884047
0.00012216726,4.89439e-07,0.0061267694,4.252235e-07,0.06837702,4.7146527e-06,4.570796e-07,3.5307057e-05
8.397656e-06,7.86995e-07,0.3103157,2.3366755e-07,0.00074919616,0.0006757756,6.997756e-07,2.3321945e-06
1.9785348e-06,1.8070071e-07,1.1832617e-05,1.069293e-07,0.0006276291,1.6440566e-07,8.2726075e-07,2.9729592e-05
2.8152053e-07,5.299445e-08,1.5977632e-05,2.1091845e-08,4.6516787e-05,4.540203e-08,7.3091826e-07,1.163945e-06
1.809257e-06,1.1520737e-07,0.15825514,8.775605e-08,2.9756568e-05,8.4756946e-05,3.8064843e-07,1.2789974e-05
8.093182e-07,3.4709434e-08,4.445452e-06,1.3190736e-08,0.00014168737,1.0328102e-08,1.9250148e-08,1.2260549e-06
2.0352384e-06,1.3278712e-07,5.3061718e-05,1.4890236e-08,0.0003860921,8.3125386e-08,5.10794e-08,2.0402017e-06
5.7669894e-07,7.520604e-08,4.7588797e-05,2.0383345e-08,3.017564e-05,3.3794348e-07,1.2476218e-07,1.6793529e-05
1.4480454e-06,6.772137e-08,2.3105613e-06,4.936763e-08,0.0002071656,4.493868e-08,1.1434397e-07,5.708376e-06
9.5234094e-07,4.1073516e-08,6.9059747e-06,3.5014306e-08,0.00024065044,1.6386915e-08,2.978435e-08,2.7030067e-06
4.6780207e-07,4.3434284e-08,4.6743953e-06,3.6723662e-08,0.000107306885,1.9790727e-08,5.0362836e-08,8.6078944e-07
1.4173033e-06,6.282945e-08,3.8666635e-06,5.0757258e-08,0.0005645598,2.9687703e-08,4.0416072e-08,4.8102775e-06
7.0740884e-07,4.2576556e-08,0.054055113,3.906254e-08,8.349652e-05,1.8942228e-05,2.0349655e-07,8.072222e-06
1.4021908e-06,3.1867575e-08,3.2074408e-06,2.0252902e-08,0.00016319995,2.274803e-08,7.6203804e-08,3.367144e-06
1.084707e-06,2.1503949e-08,8.094308e-06,1.9521805e-08,4.8469454e-05,7.9549096e-08,7.7566845e-08,1.3442482e-06
2.3798894e-07,5.162938e-08,0.13099058,1.9834866e-08,9.5421965e-06,1.8453993e-05,3.994015e-07,3.3060664e-06
6.818882e-07,4.3397844e-08,2.899761e-06,1.4089055e-08,5.98309e-05,1.3628209e-08,7.723453e-08,1.2097145e-06
0.00075506157,1.2873414e-06,3.2063429e-06,2.8577983e-06,0.13956244,4.6484917e-07,2.9460725e-07,2.6921944e-05
7.5069164e-07,6.385199e-08,0.076646015,1.7857516e-08,4.4966055e-05,4.064594e-05,4.1042668e-08,2.1392568e-06
1.9197446e-07,1.0825617e-08,8.742501e-06,1.0119727e-08,9.8278986e-05,3.486117e-08,9.10606e-08,7.588566e-06
2.7785674e-07,5.26511e-08,1.2828882e-05,3.474951e-08,2.1338521e-05,1.7853674e-07,3.152865e-07,3.7481102e-06
7.5852495e-07,7.179866e-08,3.3980832e-06,2.7612776e-08,2.5913749e-05,1.4924959e-07,2.3721512e-07,9.878135e-06
4.9770443e-07,2.9996778e-07,4.4669105e-05,2.5629475e-08,2.7289618e-05,1.487555e-07,2.1563838e-07,2.498493e-06
5.3768815e-07,4.426341e-08,0.00015646411,5.6595493e-09,0.0001668167,6.738019e-08,4.1393847e-08,4.3940403e-07
1.7434955e-07,3.978265e-08,0.1591812,1.0404522e-08,1.6241904e-05,1.6736483e-05,9.0100016e-08,1.4685629e-06
3.1006172e-07,2.2974332e-08,1.4289524e-05,2.8023921e-08,0.00014514223,6.402919e-08,5.539373e-08,3.445905e-06
4.3861613e-07,2.0444944e-08,1.4150144e-06,1.4840845e-08,0.00025431684,1.548617e-08,3.3372093e-08,2.93354e-06
2.0977461e-06,6.3002496e-08,4.3259397e-06,2.557079e-07,0.033594005,1.0629506e-07,1.304052e-07,3.8590856e-06
3.1119682e-06,1.1414131e-07,6.6098446e-06,1.2550733e-07,0.028137038,3.4370352e-08,3.4663454e-08,1.4369317e-06
2.1372472e-07,3.4080774e-08,0.08931805,1.4814372e-08,8.212284e-06,2.1182585e-05,7.658439e-08,1.7654222e-06
4.499345e-07,1.5215317e-08,4.655976e-06,8.540784e-09,0.00010173194,4.5670927e-08,8.334066e-08,1.5672011e-06
2.0358964e-06,1.5232659e-07,8.648308e-06,1.0037914e-07,0.0026607204,2.1007399e-07,5.6046906e-07,0.00013227045
3.2404926e-06,1.2060407e-07,1.0342925e-05,2.3644742e-07,0.053159036,1.0752937e-07,5.355934e-08,1.536036e-06
8.383096e-07,5.858986e-08,4.3327523e-06,2.251107e-08,0.00037515076,3.7682337e-08,3.1160788e-08,1.7070042e-05
1.3135898e-06,6.555198e-08,3.765623e-06,2.738175e-08,0.00046195404,2.4432879e-08,3.9030226e-08,3.6273336e-06
7.565166e-07,4.5898677e-08,2.976944e-06,2.2344837e-08,0.0001614043,4.4547225e-08,1.0187223e-07,9.830741e-06
4.9502846e-06,7.546425e-08,2.3631317e-05,2.9694046e-08,0.00078678445,3.000625e-07,6.0125365e-07,1.2769901e-05
1.1252245e-06,1.3394695e-07,1.5502906e-06,2.6266255e-08,0.0002448021,1.9098813e-08,4.7064987e-07,1.7158055e-06
7.3466896e-07,5.8363216e-08,1.6189295e-05,1.7691669e-08,0.0001702137,1.2114343e-07,4.087564e-08,1.9670751e-06
2.3312398e-07,3.5959275e-08,2.4037424e-06,8.485803e-09,4.7463207e-05,1.7158804e-08,3.1817287e-08,3.4998063e-06
5.875878e-07,2.899518e-08,1.6533866e-05,3.486827e-09,0.00011234288,2.8996615e-08,1.5122964e-08,2.7074286e-06
2.7847375e-07,4.8122317e-08,5.3304843e-06,1.4902199e-08,3.565693e-05,3.0440575e-08,1.38369e-07,4.630069e-06
2.0996862e-07,2.7283631e-08,6.01608e-06,1.734882e-08,8.1107115e-05,6.7104445e-08,1.1103947e-07,5.093214e-06
9.544276e-07,3.6654875e-08,3.7729953e-06,1.5254196e-08,7.739214e-05,1.26985755e-08,6.693788e-08,4.5340985e-06
3.2762446e-07,1.5190786e-08,8.522547e-06,1.5607124e-08,9.8590805e-05,3.0577205e-08,6.0507375e-08,2.609135e-06
7.541567e-07,3.2296708e-08,5.6200747e-06,1.437645e-08,2.61356e-05,4.0679485e-08,3.275998e-07,1.3697374e-05
8.537654e-06,7.890851e-08,1.0703549e-05,1.7023346e-07,0.12768252,2.692836e-07,8.8466095e-08,1.391835e-06
2.7070155e-06,1.0426657e-07,1.6669406e-05,8.544193e-08,0.0019694853,1.6670762e-07,2.68157e-07,1.9624529e-06
6.328498e-07,5.74035e-08,6.7099063e-07,3.836265e-08,0.0001983447,1.2141287e-08,2.1263317e-07,8.861115e-06
2.3693913e-06,7.6558834e-08,0.16692038,5.884801e-08,0.000114258604,0.00010228415,2.3111069e-07,2.8780926e-06
1.243926e-05,5.013813e-07,6.531199e-05,5.3101004e-08,0.005241568,7.096886e-06,0.0006090277,0.00010800774
7.138244e-06,3.8570954e-07,6.3244825e-06,2.999747e-07,0.0009419037,7.650511e-08,4.618404e-07,0.0013044097
1.8849917e-06,1.5105212e-07,9.175332e-06,2.272594e-07,0.00015266145,5.9469734e-08,5.669729e-07,6.4589374e-05
1.5658821e-06,2.3674865e-07,0.00011593592,6.966854e-08,0.00013150019,1.4466718e-07,2.9530148e-07,4.627641e-06
8.1309314e-05,5.0561293e-06,0.00026609475,1.0135509e-05,0.013086307,4.768353e-06,0.000119950695,7.7952245e-05
2.3479074e-06,1.0626121e-07,3.8239687e-05,7.420267e-08,0.00070443546,7.746129e-08,1.9112593e-07,3.3940798e-06
2.1352607e-05,8.472696e-07,0.32847688,1.0017704e-06,0.00061126315,0.0002506282,6.3660457e-07,2.4208344e-05
4.065524e-06,1.6843065e-07,0.18234205,9.814723e-08,0.000106643114,1.5115721e-05,2.209014e-07,4.6897553e-06
1.9260971e-05,1.3324179e-06,0.0002419983,1.0467043e-06,0.0020431613,2.9835292e-06,6.258712e-07,6.20234e-05
0.0037133372,2.6615711e-05,4.282034e-05,6.8384375e-05,0.66773695,4.866882e-06,1.3472666e-05,0.0013140604
1.9427034e-05,1.2883215e-06,0.20520613,1.4840781e-06,0.00045679923,0.00027495332,4.1727208e-06,2.491374e-05
1.2120578e-05,4.050571e-07,4.981113e-06,1.3025409e-06,0.06832406,1.1664024e-07,1.0479011e-07,2.4693947e-05
5.8512906e-06,7.3262805e-07,0.27704233,3.8141917e-07,0.00014209557,0.0002744531,6.6370103e-07,5.605328e-06
0.008029313,2.3389981e-05,6.729954e-05,7.239311e-05,0.8387686,8.418576e-06,8.714615e-06,0.0022794758
1.6703115e-06,1.261439e-07,2.9660139e-06,1.7092712e-07,0.00013440938,6.321965e-08,9.589804e-07,5.0299037e-05
3.2753403e-06,1.2108153e-07,9.406058e-06,7.987384e-08,0.0005208662,3.589041e-08,2.9335794e-07,1.1854123e-05
1.655787e-06,6.656471e-08,3.7547543e-05,3.710153e-08,0.00035951176,1.3316922e-07,1.6229049e-07,4.039676e-06
5.366111e-06,4.030457e-07,0.2248428,2.3739368e-07,7.639245e-05,0.00019491513,1.5328912e-06,7.899546e-06
2.099427e-06,1.969514e-07,8.328666e-06,1.6771926e-07,0.00076068984,1.0424609e-07,9.0633193e-07,3.2780122e-06
6.9649864e-06,4.6108389e-07,0.0015426097,2.6704305e-07,0.0007989667,2.8003383e-06,1.2164e-06,0.0004798728
0.0036804231,7.471081e-06,3.7405945e-05,5.783612e-05,0.8767607,5.8634514e-06,1.7355957e-06,0.0017861701
3.5816095e-06,1.2204863e-07,5.6983085e-06,5.4593105e-08,0.00025404373,3.630974e-08,2.6551965e-07,1.2338398e-05
6.4078877e-06,4.1502355e-07,2.2653678e-05,1.2369396e-06,0.070127584,3.1043515e-07,1.8793087e-06,2.3805349e-05
1.650096e-05,2.1735339e-06,1.7857923e-05,1.8623309e-06,0.010578346,5.543067e-07,2.0127523e-05,0.015243365
1.8325893e-06,7.4530604e-08,0.12027613,4.8153996e-08,4.531193e-05,2.4574814e-05,1.2214207e-06,4.308487e-06
0.007957266,1.0743239e-05,3.886386e-05,0.00011031918,0.9206081,6.2516297e-06,8.7675235e-06,0.0014064361
3.5219616e-06,2.2240413e-07,0.0002327017,2.8551943e-07,0.00019957911,6.371518e-07,4.3239376e-07,1.8996936e-05
2.0781326e-06,1.1558705e-07,0.00033152598,3.9023227e-08,7.3277966e-05,4.440802e-07,2.6949834e-07,1.71125e-05
2.6950452e-06,1.6378954e-07,0.00011465817,1.0971756e-07,0.000246506,2.669646e-07,3.488795e-07,6.8609743e-06
0.0073672975,1.630569e-05,0.0001317066,3.9897724e-05,0.67940354,1.1522243e-05,2.2407526e-06,0.00078248646
1.2237957e-05,2.2892571e-05,0.00011325652,6.8796805e-07,0.0017563925,2.9525162e-07,1.5874497e-06,4.9106286e-05
9.890709e-06,1.434738e-06,2.5480032e-05,1.4929047e-06,0.027579935,5.976651e-07,1.4864081e-06,5.5535987e-05
1.9604943e-06,2.2256326e-07,0.0003845591,4.1726306e-08,0.0002160176,4.140195e-07,5.552585e-07,2.1063272e-05
2.160854e-06,1.3096883e-06,0.002085078,9.633817e-08,0.00036669004,6.1114843e-06,2.1928584e-07,0.009653827
6.864502e-07,3.7057816e-08,4.2511318e-05,1.1914587e-08,5.3246327e-05,5.3934126e-08,6.266334e-08,7.1066593e-06
2.441903e-06,1.0836612e-07,9.035024e-05,5.0999372e-08,0.00015980493,3.6735443e-07,1.8476324e-07,6.6822377e-06
9.926398e-07,1.5761103e-07,4.4463617e-05,1.2513206e-07,0.0001649745,2.0956033e-07,3.823096e-07,0.00015667728
1.0936549e-05,1.1218197e-07,0.00013429947,1.7847171e-07,0.00024742883,3.381708e-07,5.330837e-07,7.979345e-05
4.8139583e-07,6.687395e-08,9.575316e-05,2.6434874e-08,6.237257e-05,9.0036636e-08,1.6374722e-07,6.4043384e-06
2.8145605e-06,2.6796936e-06,0.0002226593,2.8253316e-07,0.0001771249,2.6376534e-07,7.217286e-07,4.6874975e-06
1.443457e-06,1.274614e-07,8.039791e-05,4.4144443e-08,5.3615888e-05,1.275581e-07,2.5298516e-07,9.0864605e-06
1.9113318e-06,9.697142e-08,2.9206287e-05,6.956802e-08,0.00023191539,5.8889e-08,3.9421187e-07,1.2956913e-05
6.4289625e-06,8.898299e-06,8.3431565e-05,3.505417e-07,0.00065563136,2.065372e-07,1.165261e-06,1.3645547e-05
3.0395117e-06,1.6221483e-07,3.0536223e-05,1.4688693e-07,0.00020610582,1.180281e-07,3.946365e-07,4.5216057e-05
7.1425416e-06,4.5658817e-07,2.5792473e-05,5.1980606e-07,0.00053004175,2.4177106e-07,5.1811344e-07,8.337734e-06
7.3817105e-06,2.5459832e-07,0.002715702,1.0007444e-07,0.00060164894,2.1259134e-06,9.031645e-07,7.581065e-06
1.2147296e-05,3.1497186e-07,0.0002536715,1.7808136e-07,0.0007831671,3.592456e-07,6.5808655e-07,5.5657874e-06
3.8192054e-05,8.679917e-07,0.00064341485,5.2122823e-07,0.0020145474,1.491387e-05,3.69143e-06,0.00011607386
2.2611182e-05,1.806596e-05,3.671348e-05,1.2465601e-06,0.0018488668,2.3160382e-07,6.286241e-07,4.2660522e-05
5.1281745e-06,1.4418981e-05,0.0001008673,5.2048216e-07,0.0005466695,4.7764e-07,1.1146849e-06,1.24185635e-05
4.7318463e-06,1.4828669e-07,0.0007985846,7.428522e-08,0.0014124694,2.6376701e-05,1.1888989e-06,0.00012804323
7.522073e-07,1.08412834e-07,2.7334181e-05,6.5141045e-08,0.00011009776,8.43401e-08,5.8899545e-08,9.11491e-06
5.0207507e-07,4.7082048e-07,5.7192447e-05,4.995995e-08,0.00010226104,1.5294624e-07,8.583117e-08,2.0465548e-05
1.2151802e-06,3.251952e-07,3.010835e-05,2.2713482e-07,0.00039638777,1.3685207e-07,3.9175444e-07,1.7699784e-05
0.025484042,1.7271634e-05,1.7062392e-05,0.00010565974,0.9713946,3.4335412e-06,5.822034e-07,0.0005943975
5.565947e-06,3.6517548e-07,1.18605e-05,6.5902674e-07,0.08627454,1.3259339e-07,1.08435174e-07,5.9183153e-06
9.380441e-07,2.127425e-07,1.7537059e-05,1.2428431e-07,0.0002487288,3.8726782e-08,1.0937052e-07,2.5777572e-05
7.426081e-06,1.6949815e-06,8.475792e-05,7.120941e-07,0.0034277646,5.63272e-07,8.523528e-07,3.83959e-05
7.0876604e-06,8.919497e-06,1.619022e-05,8.47706e-07,0.0027943593,7.29079e-08,4.719812e-07,1.5061919e-05
7.413644e-07,1.6981204e-07,1.4826077e-05,1.4911359e-07,0.0004515854,6.903901e-08,1.2758571e-07,3.6458056e-05
4.850498e-07,6.263525e-08,1.4000988e-05,2.4780132e-08,0.00045470343,1.8950836e-08,1.3311623e-08,1.2364432e-06
1.0217682e-06,1.4575248e-07,5.1633302e-05,6.194049e-08,0.00031819666,8.7219235e-08,6.9883605e-08,5.1919897e-06
1.6642645e-06,9.7094116e-08,3.6714915e-05,4.1878994e-08,0.0004628122,8.204232e-08,1.7916062e-08,9.044185e-06
1.8179641e-06,1.7943802e-07,6.4464784e-06,1.1048764e-07,0.0005695755,1.10499435e-07,1.1932897e-07,5.301974e-05
4.9068456e-07,5.6058024e-08,9.3060635e-06,3.3126923e-08,0.0003706893,5.586345e-08,2.796087e-08,4.0295645e-06
0.007416312,5.081042e-06,1.5613203e-05,3.4320656e-05,0.92338926,1.8162795e-06,1.306052e-07,0.00048796853
5.6039903e-07,5.570385e-08,1.3202939e-05,1.8114287e-08,8.4280466e-05,5.67026e-08,1.8847452e-08,3.6535143e-06
0.0018979217,7.413606e-06,1.6710326e-05,3.0080599e-05,0.8561884,1.244776e-06,3.8903323e-07,0.0004199182
3.048634e-07,4.648047e-08,7.5125986e-06,1.9047555e-08,0.00018065925,3.2111206e-08,1.9248972e-08,2.7039296e-06
3.0617034e-06,9.320428e-07,0.00030105803,2.512962e-07,0.0014065726,5.2753153e-06,2.1213857e-07,0.0007893837
6.9715315e-07,8.269052e-08,6.731629e-06,3.3950496e-08,0.00015813588,2.9193005e-08,3.6004504e-08,3.2089433e-06
0.0064573437,1.5712234e-05,3.590551e-05,6.886485e-05,0.9554738,7.5200896e-06,4.4507448e-07,0.00078595383
4.7689167e-07,9.9598566e-08,3.5380563e-06,2.6800764e-08,0.00013045906,1.1574319e-08,5.221825e-08,4.744281e-06
1.3168735e-06,1.5071986e-07,6.37501e-06,6.199876e-08,0.0006965873,2.1792482e-08,3.3481058e-08,3.796699e-06
1.5986283e-06,1.6229869e-07,8.489791e-06,1.7558015e-07,0.0002440787,1.08934564e-07,2.0573768e-07,5.604236e-05
1.3663726e-05,7.9370614e-07,2.2941e-05,7.294364e-07,0.0014106709,2.6959242e-07,1.814846e-06,1.7248178e-05
4.0189036e-07,1.0527774e-07,2.4140749e-05,3.477749e-08,0.00017433194,8.069584e-08,6.9456775e-08,5.002655e-06
1.0667817e-06,2.224383e-07,7.848761e-06,1.2793782e-07,0.00045073067,5.7731572e-08,8.2774626e-08,8.603639e-06
0.038729265,1.5446089e-05,1.8516963e-05,9.362922e-05,0.98118526,4.92218e-06,4.5981352e-07,0.00094362017
7.900398e-07,7.2970096e-08,7.85634e-06,2.805997e-08,0.00019816872,2.8873322e-08,5.492324e-08,2.5813115e-06
5.764856e-07,8.562334e-08,1.51899685e-05,3.0110613e-08,0.00064584,6.527413e-08,4.751271e-08,6.659717e-06
6.753028e-06,5.3463606e-07,0.17405769,3.19385e-07,0.0007074225,0.00019610747,2.0607031e-07,6.809927e-06
5.613893e-06,6.427251e-05,6.823455e-06,9.2207637e-07,0.0039356914,1.6196023e-07,4.7298153e-07,1.5560492e-05
1.03086e-06,1.096044e-07,1.0639202e-05,5.7071073e-08,0.0007557804,6.357467e-08,4.8233783e-08,5.0313092e-06
2.7095777e-07,3.5988574e-08,1.9515124e-05,1.5630123e-08,0.0001232437,5.5938298e-08,1.8828553e-08,6.697869e-06
3.0439335e-07,4.318374e-08,1.7995184e-05,1.943739e-08,0.00016662608,6.324437e-08,1.3749301e-08,8.185988e-06
1.6366664e-07,4.6693554e-08,1.8500829e-06,9.1365715e-09,0.00025801896,7.812345e-09,2.6710845e-08,1.9369572e-06
1.8470399e-06,1.2942297e-07,6.2798686e-06,1.8302424e-07,0.066202685,4.810846e-08,1.5118118e-08,2.9357086e-06
2.897453e-06,6.055846e-07,0.2880097,2.4792618e-07,0.0004936292,0.00054068345,1.0476314e-07,6.7588844e-06
8.386246e-07,7.5212924e-08,1.0383e-05,3.2879658e-08,0.00083408743,1.5194905e-07,9.250338e-09,2.3213785e-05
2.1245218e-07,3.917499e-08,3.14878e-06,1.7411871e-08,0.00010954932,2.2464533e-08,1.2189899e-08,1.2742105e-05
3.0123434e-07,7.695764e-08,5.7168204e-06,4.534949e-08,0.00033354227,3.245485e-08,3.1702914e-08,4.9944647e-06
1.3810336e-07,3.1782047e-08,4.0932664e-06,7.2300224e-09,6.179186e-05,9.355434e-09,6.4696986e-09,1.6305237e-06
3.098825e-06,1.3005013e-07,8.374583e-06,2.2653471e-07,0.08990849,4.6808406e-08,1.3240115e-08,2.8113789e-06
1.3488079e-07,2.8804786e-08,2.0934872e-06,6.154806e-09,0.0002972134,6.8074364e-09,5.7267213e-09,1.575377e-06
7.742672e-08,4.008618e-08,2.6849889e-06,1.002534e-08,0.00024388144,1.4293303e-08,9.612686e-09,2.7451879e-06
2.3204888e-07,4.234332e-08,9.538239e-06,1.3746522e-08,0.00061501365,2.2530184e-08,4.6063002e-09,2.0118591e-06
2.1499495e-06,7.414535e-07,4.928634e-06,3.44281e-07,0.001346379,1.2147905e-07,9.580452e-07,1.3382632e-05
7.0781724e-08,2.1339494e-08,5.1249235e-06,5.542055e-09,0.000110178524,1.1111696e-08,4.0198405e-09,2.1254775e-06
2.311614e-07,5.5818187e-08,3.1428667e-06,4.0740126e-08,0.00034427983,1.0864531e-07,9.335295e-08,1.9051362e-05
4.209288e-06,7.938136e-07,5.5890945e-07,2.5228807e-08,0.0014103813,5.384604e-07,2.225564e-08,0.00050429656
2.118525e-07,7.01507e-08,0.01224797,3.9745256e-08,6.197415e-06,6.0644734e-06,1.432008e-07,5.911992e-06
9.57357e-08,3.5380985e-08,3.2247286e-07,1.1928047e-08,1.6973771e-06,6.815739e-09,1.4070343e-07,4.811438e-06
8.360734e-08,4.042971e-08,3.365496e-07,1.151568e-08,2.399338e-06,1.1743858e-08,1.0264772e-07,5.0636327e-06
1.09333804e-07,6.282561e-08,2.0223398e-07,2.8339553e-08,1.3296012e-06,8.494677e-09,1.4730848e-07,2.932759e-05
1.9841984e-07,4.3315065e-08,1.9246797e-07,1.8125105e-08,3.2963917e-06,8.0361895e-09,3.0915058e-07,4.7602243e-06
8.105696e-08,3.7889976e-08,4.0817486e-07,1.5540765e-08,1.9588795e-06,1.712359e-08,1.8260424e-07,1.30437975e-05
3.8001008e-07,8.3975735e-08,0.013573611,5.30173e-08,8.525425e-06,1.0909797e-05,2.0568432e-07,7.0415367e-06
5.0130712e-08,3.9804736e-08,0.017365344,1.0167961e-08,7.368589e-07,3.9131974e-06,8.898648e-08,1.882916e-05
5.697829e-08,1.8291006e-08,3.1086438e-07,6.7643753e-09,3.5618255e-06,6.024708e-09,4.5943686e-08,3.773111e-06
4.4347246e-07,1.6475772e-07,3.7079178e-07,8.589619e-08,5.382507e-06,1.9813765e-08,6.192525e-07,7.211223e-06
2.5900283e-07,7.328895e-08,7.8428945e-07,6.878231e-08,2.5641295e-06,1.0905659e-07,3.0137628e-07,9.417427e-05
1.09386164e-07,3.1510066e-08,4.1439355e-07,2.5915517e-08,8.46995e-07,3.711823e-08,4.6023246e-07,4.651306e-05
4.03516e-08,2.0866166e-08,5.2693497e-07,8.700768e-09,1.2419123e-06,2.0070319e-08,1.0694582e-07,1.4230639e-05
6.661628e-08,1.4305277e-08,1.8273907e-07,6.7025625e-09,3.0329993e-06,6.1402896e-09,2.1934435e-08,5.1722905e-06
7.670822e-08,4.03056e-08,3.0393036e-07,2.6438405e-08,2.004224e-06,1.28001e-08,6.3422554e-08,6.355839e-06
2.3169993e-07,6.373141e-08,3.1674713e-06,1.1549008e-07,2.2709764e-06,3.3329007e-07,2.879117e-07,0.00016391468
1.0641755e-08,1.1669994e-08,5.9718826e-07,8.724881e-09,6.1724427e-07,2.9048707e-08,1.249235e-07,4.303748e-05
8.812848e-07,6.223085e-08,1.1364131e-06,3.6824989e-07,0.00047994283,3.3940694e-07,2.8413547e-07,2.5269097e-05
4.6367667e-08,1.3339021e-08,1.1133063e-07,1.2147123e-08,1.9960777e-07,3.441535e-08,1.36279e-07,0.0001350122
1.4395566e-07,4.3835595e-08,0.05825964,9.071615e-08,2.9053833e-06,0.00028410647,1.8001134e-07,0.00017562312
1.3605008e-07,1.4109122e-07,1.2189386e-06,4.4427927e-07,4.0772005e-07,2.0575487e-06,1.25544e-06,0.14786564
7.5888847e-06,2.225294e-06,9.558277e-07,1.1542062e-05,4.2437946e-06,5.4451135e-05,0.0004779427,0.99930215
